Price,Close,High,Low,Open,Volume
Ticker,^NDX,^NDX,^NDX,^NDX,^NDX
Datetime,,,,,
2026-04-23 13:30:00+00:00,26834.615234375,26839.5234375,26820.234375,26820.234375,0
2026-04-23 13:31:00+00:00,26828.126953125,26866.708984375,26828.126953125,26848.380859375,9800163
2026-04-23 13:32:00+00:00,26857.4375,26857.4375,26830.041015625,26830.041015625,10510792
2026-04-23 13:33:00+00:00,26851.4609375,26864.798828125,26850.234375,26852.970703125,8230340
2026-04-23 13:34:00+00:00,26852.193359375,26855.40234375,26847.337890625,26847.884765625,6256612
2026-04-23 13:35:00+00:00,26881.357421875,26881.357421875,26858.578125,26858.578125,7231247
2026-04-23 13:36:00+00:00,26885.302734375,26885.302734375,26871.427734375,26877.880859375,7137729
2026-04-23 13:37:00+00:00,26875.283203125,26890.052734375,26871.515625,26890.052734375,6034928
2026-04-23 13:38:00+00:00,26894.57421875,26894.57421875,26875.708984375,26878.703125,5129635
2026-04-23 13:39:00+00:00,26907.3984375,26907.3984375,26893.830078125,26897.51953125,5448286
2026-04-23 13:40:00+00:00,26912.798828125,26912.798828125,26890.53515625,26890.53515625,6205967
2026-04-23 13:41:00+00:00,26911.3984375,26915.90234375,26900.046875,26915.90234375,6103954
2026-04-23 13:42:00+00:00,26907.171875,26914.732421875,26901.005859375,26910.630859375,6560341
2026-04-23 13:43:00+00:00,26914.779296875,26914.974609375,26909.185546875,26910.052734375,5904147
2026-04-23 13:44:00+00:00,26910.041015625,26919.126953125,26908.91015625,26914.48046875,4798049
2026-04-23 13:45:00+00:00,26900.138671875,26907.69921875,26889.890625,26907.69921875,4746098
2026-04-23 13:46:00+00:00,26927.380859375,26927.380859375,26904.83203125,26904.83203125,5381846
2026-04-23 13:47:00+00:00,26938.904296875,26940.03125,26919.06640625,26929.509765625,4913814
2026-04-23 13:48:00+00:00,26940.8671875,26944.802734375,26935.947265625,26938.33203125,4499309
2026-04-23 13:49:00+00:00,26932.4375,26940.240234375,26924.61328125,26936.333984375,3752692
2026-04-23 13:50:00+00:00,26899.36328125,26927.75,26899.36328125,26926.779296875,4781318
2026-04-23 13:51:00+00:00,26921.568359375,26927.00390625,26906.365234375,26906.365234375,6541336
2026-04-23 13:52:00+00:00,26932.3046875,26932.3046875,26921.537109375,26921.537109375,4699629
2026-04-23 13:53:00+00:00,26923.439453125,26926.001953125,26915.443359375,26926.001953125,4244679
2026-04-23 13:54:00+00:00,26910.900390625,26920.45703125,26908.7578125,26920.45703125,3912972
2026-04-23 13:55:00+00:00,26899.361328125,26905.791015625,26899.333984375,26904.9921875,3943663
2026-04-23 13:56:00+00:00,26883.763671875,26899.30078125,26881.78125,26899.30078125,4180262
2026-04-23 13:57:00+00:00,26889.060546875,26896.775390625,26883.865234375,26886.216796875,4446405
2026-04-23 13:58:00+00:00,26875.611328125,26888.314453125,26870.009765625,26888.314453125,3879113
2026-04-23 13:59:00+00:00,26869.439453125,26877.103515625,26869.439453125,26873.52734375,4201426
2026-04-23 14:00:00+00:00,26836.466796875,26863.888671875,26836.466796875,26863.888671875,5015375
2026-04-23 14:01:00+00:00,26843.802734375,26846.1015625,26835.62109375,26837.390625,5152318
2026-04-23 14:02:00+00:00,26858.125,26858.125,26824.87890625,26841.310546875,4423858
2026-04-23 14:03:00+00:00,26865.646484375,26865.646484375,26854.318359375,26857.171875,3894564
2026-04-23 14:04:00+00:00,26869.1640625,26878.169921875,26863.4296875,26866.80078125,3937948
2026-04-23 14:05:00+00:00,26870.94140625,26871.38671875,26854.509765625,26864.013671875,3823807
2026-04-23 14:06:00+00:00,26853.361328125,26870.419921875,26852.98046875,26870.419921875,3410289
2026-04-23 14:07:00+00:00,26853.69140625,26855.75390625,26847.626953125,26852.060546875,4077837
2026-04-23 14:08:00+00:00,26869.984375,26869.984375,26854.673828125,26854.78125,3555015
2026-04-23 14:09:00+00:00,26875.818359375,26877.482421875,26871.736328125,26874.939453125,4089833
2026-04-23 14:10:00+00:00,26857.029296875,26878.234375,26854.29296875,26876.751953125,3296434
2026-04-23 14:11:00+00:00,26854.935546875,26857.078125,26846.21875,26857.078125,3476893
2026-04-23 14:12:00+00:00,26846.54296875,26853.298828125,26843.56640625,26850.857421875,3129819
2026-04-23 14:13:00+00:00,26841.978515625,26851.861328125,26841.978515625,26848.3984375,3354745
2026-04-23 14:14:00+00:00,26838.458984375,26840.119140625,26833.12109375,26840.119140625,3707878
2026-04-23 14:15:00+00:00,26867.548828125,26868.736328125,26840.298828125,26840.298828125,3878177
2026-04-23 14:16:00+00:00,26860.96484375,26875.73828125,26859.9375,26866.791015625,3525473
2026-04-23 14:17:00+00:00,26870.92578125,26872.779296875,26859.169921875,26859.169921875,3486032
2026-04-23 14:18:00+00:00,26852.62890625,26874.4453125,26852.62890625,26870.712890625,3009578
2026-04-23 14:19:00+00:00,26838.615234375,26848.982421875,26838.615234375,26845.03515625,3330288
2026-04-23 14:20:00+00:00,26847.455078125,26850.931640625,26843.373046875,26843.373046875,2901488
2026-04-23 14:21:00+00:00,26854.142578125,26854.142578125,26844.392578125,26849.599609375,2991705
2026-04-23 14:22:00+00:00,26847.908203125,26852.927734375,26842.33984375,26852.927734375,3123223
2026-04-23 14:23:00+00:00,26861.119140625,26861.119140625,26850.70703125,26850.70703125,2293915
2026-04-23 14:24:00+00:00,26875.375,26877.89453125,26862.4375,26862.48828125,2646064
2026-04-23 14:25:00+00:00,26871.02734375,26873.927734375,26865.453125,26870.115234375,2943750
2026-04-23 14:26:00+00:00,26871.09765625,26875.294921875,26870.53515625,26872.5546875,2702347
2026-04-23 14:27:00+00:00,26869.79296875,26876.759765625,26869.79296875,26872.373046875,2961584
2026-04-23 14:28:00+00:00,26858.74609375,26867.48828125,26854.41015625,26867.48828125,2698314
2026-04-23 14:29:00+00:00,26862.373046875,26862.373046875,26854.9609375,26854.9609375,2868071
2026-04-23 14:30:00+00:00,26880.501953125,26880.501953125,26869.490234375,26869.490234375,2831318
2026-04-23 14:31:00+00:00,26887.07421875,26890.5078125,26878.677734375,26881.58984375,3193133
2026-04-23 14:32:00+00:00,26897.791015625,26904.533203125,26886.517578125,26887.640625,3184241
2026-04-23 14:33:00+00:00,26898.861328125,26900.11328125,26893.658203125,26894.09765625,2968723
2026-04-23 14:34:00+00:00,26894.15234375,26901.529296875,26893.267578125,26894.658203125,2813170
2026-04-23 14:35:00+00:00,26895.623046875,26897.68359375,26890.42578125,26890.42578125,2669254
2026-04-23 14:36:00+00:00,26901.6640625,26905.560546875,26894.08984375,26894.08984375,2845404
2026-04-23 14:37:00+00:00,26904.662109375,26909.142578125,26899.587890625,26902.029296875,2839980
2026-04-23 14:38:00+00:00,26877.658203125,26906.921875,26877.658203125,26906.921875,2580441
2026-04-23 14:39:00+00:00,26879.79296875,26881.365234375,26870.00390625,26877.599609375,2681068
2026-04-23 14:40:00+00:00,26880.759765625,26882.943359375,26877.73828125,26880.95703125,2270925
2026-04-23 14:41:00+00:00,26876.001953125,26878.8984375,26871.53515625,26878.8984375,2246865
2026-04-23 14:42:00+00:00,26862.384765625,26869.31640625,26858.6015625,26869.31640625,2284153
2026-04-23 14:43:00+00:00,26877.49609375,26877.49609375,26859.875,26864.03515625,1992844
2026-04-23 14:44:00+00:00,26887.279296875,26890.45703125,26881.083984375,26881.083984375,2246379
2026-04-23 14:45:00+00:00,26900.21484375,26900.626953125,26888.81640625,26888.81640625,2100066
2026-04-23 14:46:00+00:00,26893.83203125,26901.732421875,26893.83203125,26901.732421875,2274527
2026-04-23 14:47:00+00:00,26902.21484375,26902.21484375,26891.6015625,26892.353515625,2167947
2026-04-23 14:48:00+00:00,26899.021484375,26904.75,26897.41796875,26902.34765625,2163266
2026-04-23 14:49:00+00:00,26896.466796875,26901.123046875,26896.361328125,26896.361328125,2108666
2026-04-23 14:50:00+00:00,26899.62890625,26899.62890625,26888.267578125,26893.427734375,2859660
2026-04-23 14:51:00+00:00,26908.0390625,26909.412109375,26902.072265625,26902.072265625,2413807
2026-04-23 14:52:00+00:00,26919.9609375,26919.9609375,26907.49609375,26907.49609375,2268681
2026-04-23 14:53:00+00:00,26922.087890625,26923.87890625,26919.12890625,26919.21484375,1906682
2026-04-23 14:54:00+00:00,26922.82421875,26924.015625,26913.80859375,26921.98828125,2873861
2026-04-23 14:55:00+00:00,26938.27734375,26938.71484375,26922.943359375,26922.943359375,2409376
2026-04-23 14:56:00+00:00,26944.001953125,26944.001953125,26935.873046875,26935.873046875,2178785
2026-04-23 14:57:00+00:00,26955.658203125,26955.658203125,26945.533203125,26945.533203125,2620471
2026-04-23 14:58:00+00:00,26946.568359375,26956.173828125,26944.751953125,26956.173828125,2633351
2026-04-23 14:59:00+00:00,26945.685546875,26948.58203125,26941.916015625,26948.58203125,2154772
2026-04-23 15:00:00+00:00,26955.5390625,26959.845703125,26947.515625,26947.515625,2401870
2026-04-23 15:01:00+00:00,26953.44140625,26957.958984375,26951.30859375,26957.958984375,2806668
2026-04-23 15:02:00+00:00,26954.841796875,26957.15625,26953.052734375,26953.828125,2155901
2026-04-23 15:03:00+00:00,26961.3125,26961.3125,26954.703125,26957.74609375,2764549
2026-04-23 15:04:00+00:00,26955.392578125,26960.203125,26953.71484375,26959.619140625,2281686
2026-04-23 15:05:00+00:00,26964.138671875,26964.5078125,26953.91015625,26955.083984375,2229732
2026-04-23 15:06:00+00:00,26958.68359375,26964.876953125,26956.76953125,26964.876953125,2317211
2026-04-23 15:07:00+00:00,26950.7890625,26961.734375,26950.7890625,26954.865234375,2137346
2026-04-23 15:08:00+00:00,26949.181640625,26952.1796875,26948.291015625,26950.478515625,2026996
2026-04-23 15:09:00+00:00,26967.69140625,26967.69140625,26949.75390625,26949.75390625,2231844
2026-04-23 15:10:00+00:00,26974.47265625,26975.75390625,26969.609375,26969.609375,2872440
2026-04-23 15:11:00+00:00,26978.115234375,26980.65625,26973.443359375,26973.443359375,3124633
2026-04-23 15:12:00+00:00,26976.51171875,26982.427734375,26973.22265625,26982.427734375,2398335
2026-04-23 15:13:00+00:00,26978.8125,26982.54296875,26977.45703125,26978.1640625,2387441
2026-04-23 15:14:00+00:00,26975.931640625,26982.4296875,26972.39453125,26975.142578125,2366747
2026-04-23 15:15:00+00:00,26965.890625,26972.962890625,26961.69921875,26972.962890625,2816840
2026-04-23 15:16:00+00:00,26972.337890625,26972.337890625,26964.017578125,26964.69140625,2441094
2026-04-23 15:17:00+00:00,26986.0703125,26986.0703125,26972.98046875,26973.294921875,2402038
2026-04-23 15:18:00+00:00,26985.142578125,26988.390625,26983.619140625,26983.619140625,2159300
2026-04-23 15:19:00+00:00,26991.74609375,26992.09375,26985.81640625,26985.953125,1945067
2026-04-23 15:20:00+00:00,26985.70703125,26993.404296875,26982.951171875,26993.1640625,2430690
2026-04-23 15:21:00+00:00,26986.7890625,26986.970703125,26984.24609375,26984.24609375,2038774
2026-04-23 15:22:00+00:00,26983.71484375,26991.486328125,26981.134765625,26988.681640625,1984685
2026-04-23 15:23:00+00:00,26995.9921875,26997.330078125,26984.5859375,26984.5859375,2639277
2026-04-23 15:24:00+00:00,26997.09375,27000.6484375,26997.09375,26998.283203125,2767963
2026-04-23 15:25:00+00:00,26995.103515625,26995.82421875,26988.953125,26993.32421875,2745173
2026-04-23 15:26:00+00:00,26994.150390625,26999.560546875,26993.6171875,26996.302734375,2576932
2026-04-23 15:27:00+00:00,26997.140625,26997.140625,26991.041015625,26994.42578125,2206268
2026-04-23 15:28:00+00:00,26991.9453125,26998.69140625,26991.9453125,26998.69140625,1868229
2026-04-23 15:29:00+00:00,26981.515625,26992.072265625,26981.515625,26990.23828125,1933259
2026-04-23 15:30:00+00:00,26979.798828125,26979.798828125,26973.51953125,26979.126953125,2282726
2026-04-23 15:31:00+00:00,26995.162109375,26995.162109375,26978.22265625,26979.818359375,2492002
2026-04-23 15:32:00+00:00,27001.02734375,27001.896484375,26992.3046875,26994.48828125,2380601
2026-04-23 15:33:00+00:00,27005.419921875,27007.439453125,27002.205078125,27002.548828125,2467626
2026-04-23 15:34:00+00:00,26999.822265625,27002.876953125,26997.802734375,27002.876953125,2119840
2026-04-23 15:35:00+00:00,26989.01953125,26998.01171875,26987.130859375,26998.01171875,2149952
2026-04-23 15:36:00+00:00,26986.076171875,26988.677734375,26985.708984375,26987.388671875,1618740
2026-04-23 15:37:00+00:00,26981.87109375,26987.765625,26981.87109375,26987.20703125,2192223
2026-04-23 15:38:00+00:00,26980.59375,26984.88671875,26980.59375,26982.994140625,2012454
2026-04-23 15:39:00+00:00,26979.923828125,26980.00390625,26977.400390625,26980.00390625,1708562
2026-04-23 15:40:00+00:00,26982.044921875,26982.044921875,26976.697265625,26976.697265625,2307243
2026-04-23 15:41:00+00:00,26987.99609375,26990.001953125,26983.931640625,26983.931640625,1956493
2026-04-23 15:42:00+00:00,26983.080078125,26988.794921875,26983.080078125,26988.794921875,2308642
2026-04-23 15:43:00+00:00,26978.681640625,26983.61328125,26978.681640625,26983.61328125,2553518
2026-04-23 15:44:00+00:00,26971.103515625,26981.015625,26969.318359375,26979.375,1851466
2026-04-23 15:45:00+00:00,26951.3359375,26969.203125,26951.3359375,26969.203125,2404339
2026-04-23 15:46:00+00:00,26937.0703125,26953.189453125,26935.720703125,26951.361328125,2127101
2026-04-23 15:47:00+00:00,26948.951171875,26948.951171875,26941.37890625,26941.37890625,2637392
2026-04-23 15:48:00+00:00,26941.876953125,26951.732421875,26940.6875,26948.91015625,2218333
2026-04-23 15:49:00+00:00,26940.2890625,26944.6875,26936.517578125,26944.6875,2145766
2026-04-23 15:50:00+00:00,26931.798828125,26938.390625,26931.09765625,26938.390625,2406930
2026-04-23 15:51:00+00:00,26927.923828125,26937.64453125,26927.923828125,26931.609375,2303263
2026-04-23 15:52:00+00:00,26930.181640625,26931.09765625,26928.1953125,26931.09765625,2646823
2026-04-23 15:53:00+00:00,26922.66796875,26930.21875,26922.431640625,26929.16015625,1866001
2026-04-23 15:54:00+00:00,26912.1953125,26922.74609375,26912.1953125,26920.22265625,2335004
2026-04-23 15:55:00+00:00,26934.68359375,26936.3828125,26913.974609375,26913.974609375,2214556
2026-04-23 15:56:00+00:00,26946.484375,26948.333984375,26935.587890625,26935.587890625,2743638
2026-04-23 15:57:00+00:00,26933.537109375,26949.583984375,26933.537109375,26946.064453125,1870011
2026-04-23 15:58:00+00:00,26939.16796875,26941.15625,26934.533203125,26934.533203125,1789679
2026-04-23 15:59:00+00:00,26944.0625,26944.0625,26938.4140625,26941.37890625,1638306
2026-04-23 16:00:00+00:00,26939.482421875,26947.53125,26937.9296875,26946.2421875,1940797
2026-04-23 16:01:00+00:00,26941.54296875,26947.044921875,26941.05859375,26941.05859375,1688362
2026-04-23 16:02:00+00:00,26930.626953125,26941.109375,26930.236328125,26941.109375,1556294
2026-04-23 16:03:00+00:00,26916.04296875,26927.318359375,26915.33984375,26927.318359375,2477076
2026-04-23 16:04:00+00:00,26897.908203125,26918.783203125,26897.908203125,26918.146484375,3394629
2026-04-23 16:05:00+00:00,26898.734375,26900.85546875,26890.796875,26897.064453125,1941993
2026-04-23 16:06:00+00:00,26912.431640625,26912.431640625,26897.755859375,26897.849609375,3433735
2026-04-23 16:07:00+00:00,26909.328125,26912.60546875,26900.04296875,26912.60546875,1351733
2026-04-23 16:08:00+00:00,26901.947265625,26914.01953125,26901.947265625,26913.884765625,1964505
2026-04-23 16:09:00+00:00,26899.6171875,26902.833984375,26898.224609375,26901.3671875,1817214
2026-04-23 16:10:00+00:00,26909.427734375,26912.287109375,26900.361328125,26900.361328125,1914792
2026-04-23 16:11:00+00:00,26908.849609375,26913.73828125,26908.435546875,26909.79296875,1820112
2026-04-23 16:12:00+00:00,26926.56640625,26928.341796875,26909.3125,26909.3125,2036469
2026-04-23 16:13:00+00:00,26931.029296875,26932.05078125,26924.001953125,26925.541015625,2457793
2026-04-23 16:14:00+00:00,26933.134765625,26933.697265625,26929.23046875,26931.244140625,1933010
2026-04-23 16:15:00+00:00,26936.71875,26941.28515625,26934.154296875,26934.154296875,2149563
2026-04-23 16:16:00+00:00,26937.841796875,26942.376953125,26934.986328125,26934.986328125,2810081
2026-04-23 16:17:00+00:00,26929.982421875,26934.966796875,26927.96484375,26934.966796875,1051602
2026-04-23 16:18:00+00:00,26938.470703125,26942.587890625,26930.583984375,26930.583984375,2550811
2026-04-23 16:19:00+00:00,26936.220703125,26936.220703125,26933.63671875,26934.869140625,720046
2026-04-23 16:20:00+00:00,26926.615234375,26938.697265625,26926.615234375,26938.697265625,1834423
2026-04-23 16:21:00+00:00,26924.390625,26927.0078125,26919.216796875,26927.0078125,2048794
2026-04-23 16:22:00+00:00,26921.3828125,26927.25390625,26920.17578125,26923.626953125,1542041
2026-04-23 16:23:00+00:00,26927.2890625,26929.359375,26920.4140625,26920.4140625,2406355
2026-04-23 16:24:00+00:00,26940.0625,26940.0625,26926.67578125,26928.244140625,805005
2026-04-23 16:25:00+00:00,26952.150390625,26952.150390625,26939.6171875,26939.6171875,2561103
2026-04-23 16:26:00+00:00,26949.26171875,26952.53515625,26947.99609375,26951.908203125,947055
2026-04-23 16:27:00+00:00,26941.537109375,26950.833984375,26941.1953125,26949.427734375,1363988
2026-04-23 16:28:00+00:00,26940.634765625,26942.8046875,26937.099609375,26942.8046875,1694950
2026-04-23 16:29:00+00:00,26938.177734375,26938.9140625,26934.1953125,26938.08203125,1708410
2026-04-23 16:30:00+00:00,26941.43359375,26941.43359375,26935.27734375,26938.3359375,1723883
2026-04-23 16:31:00+00:00,26946.23828125,26948.306640625,26943.2109375,26943.2109375,2002495
2026-04-23 16:32:00+00:00,26946.61328125,26947.900390625,26943.8828125,26946.6328125,2611774
2026-04-23 16:33:00+00:00,26954.994140625,26954.994140625,26944.548828125,26947.376953125,804127
2026-04-23 16:34:00+00:00,26960.40234375,26961.25390625,26954.173828125,26955.310546875,2558959
2026-04-23 16:35:00+00:00,26965.12109375,26965.12109375,26959.326171875,26959.326171875,806522
2026-04-23 16:36:00+00:00,26961.85546875,26966.98828125,26960.1328125,26966.48046875,1631363
2026-04-23 16:37:00+00:00,26950.853515625,26961.658203125,26950.173828125,26961.1015625,1726345
2026-04-23 16:38:00+00:00,26955.265625,26957.330078125,26950.87890625,26950.87890625,1690792
2026-04-23 16:39:00+00:00,26950.755859375,26955.689453125,26949.80078125,26955.212890625,2165076
2026-04-23 16:40:00+00:00,26947.451171875,26952.45703125,26946.029296875,26951.12109375,931175
2026-04-23 16:41:00+00:00,26947.693359375,26949.13671875,26944.86328125,26949.13671875,2074871
2026-04-23 16:42:00+00:00,26948.5390625,26952.443359375,26947.08984375,26951.322265625,792964
2026-04-23 16:43:00+00:00,26945.5546875,26951.263671875,26945.5546875,26948.794921875,1408957
2026-04-23 16:44:00+00:00,26949.60546875,26950.47265625,26946.837890625,26946.837890625,1551741
2026-04-23 16:45:00+00:00,26959.4375,26959.75390625,26949.5078125,26949.5078125,1921134
2026-04-23 16:46:00+00:00,26952.591796875,26957.333984375,26948.533203125,26957.333984375,1728315
2026-04-23 16:47:00+00:00,26942.4296875,26953.47265625,26941.291015625,26953.458984375,1718236
2026-04-23 16:48:00+00:00,26945.265625,26946.466796875,26942.1171875,26942.685546875,1406819
2026-04-23 16:49:00+00:00,26948.380859375,26949.71484375,26946.064453125,26946.064453125,1405459
2026-04-23 16:50:00+00:00,26944.7734375,26948.66796875,26942.484375,26947.90234375,1704206
2026-04-23 16:51:00+00:00,26955.0625,26955.0625,26944.69921875,26944.69921875,2429895
2026-04-23 16:52:00+00:00,26954.666015625,26956.4921875,26950.0078125,26956.06640625,862542
2026-04-23 16:53:00+00:00,26948.8515625,26957.3203125,26948.41015625,26955.064453125,2430355
2026-04-23 16:54:00+00:00,26944.14453125,26948.625,26944.14453125,26948.625,820847
2026-04-23 16:55:00+00:00,26947.958984375,26947.958984375,26943.572265625,26943.572265625,1744689
2026-04-23 16:56:00+00:00,26952.451171875,26953.083984375,26946.70703125,26948.240234375,1428381
2026-04-23 16:57:00+00:00,26956.2890625,26956.509765625,26952.15625,26952.15625,1169988
2026-04-23 16:58:00+00:00,26934.4140625,26956.4453125,26930.15234375,26956.4453125,1659857
2026-04-23 16:59:00+00:00,26937.998046875,26941.376953125,26935.865234375,26935.865234375,1946282
2026-04-23 17:00:00+00:00,26945.111328125,26945.80078125,26937.669921875,26939.197265625,2835204
2026-04-23 17:01:00+00:00,26882.771484375,26948.994140625,26882.771484375,26946.001953125,1586676
2026-04-23 17:02:00+00:00,26891.353515625,26893.107421875,26882.61328125,26889.345703125,7119039
2026-04-23 17:03:00+00:00,26884.0390625,26895.935546875,26880.275390625,26892.947265625,929493
2026-04-23 17:04:00+00:00,26862.9609375,26893.705078125,26856.822265625,26889.677734375,1909883
2026-04-23 17:05:00+00:00,26851.927734375,26863.19921875,26833.798828125,26863.19921875,4180394
2026-04-23 17:06:00+00:00,26850.517578125,26854.498046875,26843.380859375,26854.498046875,1062133
2026-04-23 17:07:00+00:00,26847.78125,26854.927734375,26842.78515625,26850.96484375,1835053
2026-04-23 17:08:00+00:00,26832.189453125,26849.447265625,26831.794921875,26847.78515625,1791774
2026-04-23 17:09:00+00:00,26807.08984375,26837.580078125,26805.84375,26830.693359375,2007278
2026-04-23 17:10:00+00:00,26805.326171875,26805.326171875,26789.47265625,26804.03125,5264390
2026-04-23 17:11:00+00:00,26796.751953125,26811.576171875,26792.611328125,26811.49609375,1157483
2026-04-23 17:12:00+00:00,26785.6875,26814.734375,26784.283203125,26798.7109375,2431465
2026-04-23 17:13:00+00:00,26784.021484375,26790.2890625,26780.166015625,26789.25390625,3516251
2026-04-23 17:14:00+00:00,26797.1953125,26800.6640625,26793.591796875,26795.791015625,1181965
2026-04-23 17:15:00+00:00,26769.099609375,26796.548828125,26769.099609375,26796.548828125,1889965
2026-04-23 17:16:00+00:00,26750.783203125,26782.578125,26746.013671875,26769.537109375,2590214
2026-04-23 17:17:00+00:00,26753.416015625,26753.416015625,26739.6640625,26746.05859375,3650621
2026-04-23 17:18:00+00:00,26746.3828125,26756.046875,26739.30078125,26753.814453125,3343238
2026-04-23 17:19:00+00:00,26733.755859375,26749.966796875,26724.20703125,26746.625,2738754
2026-04-23 17:20:00+00:00,26732.865234375,26735.20703125,26724.552734375,26733.283203125,1149707
2026-04-23 17:21:00+00:00,26743.994140625,26752.181640625,26743.03515625,26743.357421875,3290366
2026-04-23 17:22:00+00:00,26720.296875,26739.478515625,26714.564453125,26739.478515625,1295300
2026-04-23 17:23:00+00:00,26738.1484375,26738.662109375,26724.71484375,26724.71484375,3433663
2026-04-23 17:24:00+00:00,26728.29296875,26745.37890625,26725.1484375,26745.37890625,1268025
2026-04-23 17:25:00+00:00,26729.158203125,26731.25390625,26719.708984375,26731.25390625,3225985
2026-04-23 17:26:00+00:00,26771.23046875,26774.4921875,26735.21484375,26735.21484375,2170055
2026-04-23 17:27:00+00:00,26758.6484375,26770.619140625,26754.0546875,26769.767578125,1958707
2026-04-23 17:28:00+00:00,26732.884765625,26759.498046875,26723.392578125,26759.498046875,2411734
2026-04-23 17:29:00+00:00,26725.767578125,26733.736328125,26725.767578125,26731.16015625,1658288
2026-04-23 17:30:00+00:00,26729.794921875,26742.076171875,26721.83984375,26727.0703125,1816924
2026-04-23 17:31:00+00:00,26728.177734375,26731.048828125,26710.65234375,26730.326171875,2263111
2026-04-23 17:32:00+00:00,26742.634765625,26745.234375,26725.669921875,26726.314453125,2926537
2026-04-23 17:33:00+00:00,26748.130859375,26748.130859375,26739.578125,26744.0390625,684935
2026-04-23 17:34:00+00:00,26781.8125,26781.8125,26751.53515625,26751.53515625,2976429
2026-04-23 17:35:00+00:00,26777.814453125,26793.73828125,26774.7265625,26784.970703125,1864540
2026-04-23 17:36:00+00:00,26721.33203125,26778.548828125,26717.203125,26778.548828125,1663795
2026-04-23 17:37:00+00:00,26715.958984375,26720.90625,26709.986328125,26720.90625,3128014
2026-04-23 17:38:00+00:00,26716.4453125,26723.85546875,26708.2421875,26717.84765625,1757260
2026-04-23 17:39:00+00:00,26709.87890625,26719.625,26707.216796875,26717.16796875,2263245
2026-04-23 17:40:00+00:00,26675.919921875,26710.826171875,26674.26953125,26710.826171875,1346061
2026-04-23 17:41:00+00:00,26642.634765625,26675.076171875,26639.15234375,26675.076171875,3332915
2026-04-23 17:42:00+00:00,26632.822265625,26655.076171875,26613.65234375,26640.876953125,4797276
2026-04-23 17:43:00+00:00,26613.8359375,26625.67578125,26613.8359375,26625.67578125,3212356
2026-04-23 17:44:00+00:00,26612.169921875,26616.763671875,26599.49609375,26616.763671875,2956585
2026-04-23 17:45:00+00:00,26590.03515625,26612.404296875,26571.197265625,26612.404296875,5217861
2026-04-23 17:46:00+00:00,26546.39453125,26588.099609375,26541.8203125,26588.099609375,1305635
2026-04-23 17:47:00+00:00,26609.89453125,26609.89453125,26544.640625,26548.53515625,3978995
2026-04-23 17:48:00+00:00,26601.7421875,26617.21484375,26598.28125,26598.28125,6946841
2026-04-23 17:49:00+00:00,26599.74609375,26610.93359375,26593.193359375,26603.09765625,1287810
2026-04-23 17:50:00+00:00,26594.228515625,26601.5078125,26569.453125,26599.33984375,3586947
2026-04-23 17:51:00+00:00,26592.037109375,26594.244140625,26583.189453125,26594.244140625,852097
2026-04-23 17:52:00+00:00,26579.296875,26592.73828125,26573.138671875,26592.73828125,2580561
2026-04-23 17:53:00+00:00,26675.34375,26720.369140625,26584.03515625,26584.22265625,2835773
2026-04-23 17:54:00+00:00,26692.525390625,26695.2890625,26662.35546875,26674.35546875,6761197
2026-04-23 17:55:00+00:00,26725.8984375,26725.8984375,26685.251953125,26692.49609375,5592713
2026-04-23 17:56:00+00:00,26723.5625,26740.47265625,26723.5625,26729.486328125,1392742
2026-04-23 17:57:00+00:00,26712.78125,26733.4375,26712.78125,26719.208984375,3603830
2026-04-23 17:58:00+00:00,26724.3828125,26724.3828125,26700.255859375,26712.90625,1017227
2026-04-23 17:59:00+00:00,26737.22265625,26737.7265625,26720.802734375,26723.751953125,1742007
2026-04-23 18:00:00+00:00,26724.087890625,26741.607421875,26724.087890625,26736.310546875,2946680
2026-04-23 18:01:00+00:00,26783.1953125,26783.1953125,26718.837890625,26719.34375,1312753
2026-04-23 18:02:00+00:00,26775.5703125,26784.755859375,26758.22265625,26766.8203125,4563281
2026-04-23 18:03:00+00:00,26765.3671875,26779.173828125,26764.73046875,26777.787109375,885070
2026-04-23 18:04:00+00:00,26756.650390625,26770.189453125,26754.83203125,26766.228515625,1835294
2026-04-23 18:05:00+00:00,26775.05078125,26775.05078125,26748.009765625,26758.12109375,1683812
2026-04-23 18:06:00+00:00,26781.17578125,26787.1640625,26773.212890625,26773.212890625,1719888
2026-04-23 18:07:00+00:00,26784.140625,26788.962890625,26778.03515625,26779.3046875,2812300
2026-04-23 18:08:00+00:00,26774.248046875,26786.5078125,26774.248046875,26785.142578125,988341
2026-04-23 18:09:00+00:00,26766.271484375,26777.33203125,26765.7734375,26774.07421875,2037364
2026-04-23 18:10:00+00:00,26786.67578125,26790.955078125,26765.478515625,26765.478515625,1182153
2026-04-23 18:11:00+00:00,26784.072265625,26791.36328125,26783.615234375,26784.400390625,2299069
2026-04-23 18:12:00+00:00,26765.66015625,26774.048828125,26757.888671875,26770.12109375,1979582
2026-04-23 18:13:00+00:00,26771.06640625,26771.06640625,26763.26953125,26763.26953125,1575355
2026-04-23 18:14:00+00:00,26770.828125,26777.93359375,26770.82421875,26770.82421875,1082360
2026-04-23 18:15:00+00:00,26771.779296875,26773.62109375,26767.35546875,26772.048828125,1215526
2026-04-23 18:16:00+00:00,26775.92578125,26777.595703125,26767.38671875,26767.40625,2135111
2026-04-23 18:17:00+00:00,26772.873046875,26784.80859375,26772.873046875,26776.94921875,883756
2026-04-23 18:18:00+00:00,26775.935546875,26784.1484375,26763.8203125,26771.26171875,2970026
2026-04-23 18:19:00+00:00,26776.404296875,26780.9765625,26776.029296875,26776.71875,780873
2026-04-23 18:20:00+00:00,26781.80859375,26781.80859375,26777.41796875,26777.41796875,1682182
2026-04-23 18:21:00+00:00,26768.546875,26789.748046875,26761.638671875,26782.17578125,2304607
2026-04-23 18:22:00+00:00,26773.19140625,26774.904296875,26768.640625,26769.416015625,1233586
2026-04-23 18:23:00+00:00,26781.966796875,26783.3203125,26771.919921875,26772.849609375,2413698
2026-04-23 18:24:00+00:00,26781.396484375,26786.822265625,26776.9921875,26785.5546875,707512
2026-04-23 18:25:00+00:00,26778.115234375,26780.759765625,26775.01171875,26780.759765625,1228793
2026-04-23 18:26:00+00:00,26772.216796875,26777.880859375,26770.140625,26777.880859375,1482021
2026-04-23 18:27:00+00:00,26772.775390625,26776.974609375,26770.48828125,26774.0,1313557
2026-04-23 18:28:00+00:00,26782.837890625,26782.837890625,26769.76953125,26772.30078125,1901139
2026-04-23 18:29:00+00:00,26790.388671875,26790.95703125,26780.0078125,26780.0078125,702715
2026-04-23 18:30:00+00:00,26806.1171875,26806.626953125,26790.814453125,26790.814453125,2534047
2026-04-23 18:31:00+00:00,26809.79296875,26817.8125,26805.666015625,26805.666015625,952691
2026-04-23 18:32:00+00:00,26807.2421875,26807.939453125,26803.783203125,26805.421875,2258475
2026-04-23 18:33:00+00:00,26814.9609375,26816.92578125,26805.734375,26806.986328125,1275608
2026-04-23 18:34:00+00:00,26815.04296875,26815.265625,26810.1796875,26813.51171875,1273572
2026-04-23 18:35:00+00:00,26827.2265625,26828.89453125,26814.734375,26814.734375,2240872
2026-04-23 18:36:00+00:00,26830.09765625,26831.021484375,26828.166015625,26828.166015625,745882
2026-04-23 18:37:00+00:00,26832.5703125,26832.5703125,26829.73828125,26829.765625,1400044
2026-04-23 18:38:00+00:00,26815.521484375,26832.703125,26815.521484375,26832.703125,1315632
2026-04-23 18:39:00+00:00,26811.1484375,26815.505859375,26808.609375,26815.19140625,1620842
2026-04-23 18:40:00+00:00,26809.5625,26814.3125,26809.34765625,26811.421875,2453002
2026-04-23 18:41:00+00:00,26806.15625,26809.64453125,26804.251953125,26807.720703125,653502
2026-04-23 18:42:00+00:00,26789.615234375,26805.927734375,26789.404296875,26804.755859375,2168968
2026-04-23 18:43:00+00:00,26787.09375,26791.484375,26780.13671875,26787.7578125,1031958
2026-04-23 18:44:00+00:00,26801.708984375,26801.734375,26787.041015625,26787.041015625,1279712
2026-04-23 18:45:00+00:00,26793.4140625,26799.75,26789.232421875,26799.75,1415106
2026-04-23 18:46:00+00:00,26788.73828125,26792.2421875,26786.931640625,26792.2421875,1577348
2026-04-23 18:47:00+00:00,26787.537109375,26795.822265625,26787.044921875,26788.599609375,1681136
2026-04-23 18:48:00+00:00,26787.771484375,26789.712890625,26783.35546875,26786.056640625,706032
2026-04-23 18:49:00+00:00,26770.478515625,26787.3046875,26770.251953125,26787.3046875,2637616
2026-04-23 18:50:00+00:00,26760.69921875,26766.240234375,26748.720703125,26766.240234375,1117603
2026-04-23 18:51:00+00:00,26757.236328125,26760.154296875,26752.876953125,26759.4765625,1672096
2026-04-23 18:52:00+00:00,26772.8046875,26772.8046875,26761.171875,26761.171875,1560627
2026-04-23 18:53:00+00:00,26772.7265625,26773.955078125,26767.951171875,26773.955078125,1389901
2026-04-23 18:54:00+00:00,26764.9140625,26773.748046875,26762.31640625,26772.93359375,1452521
2026-04-23 18:55:00+00:00,26767.03125,26768.48828125,26762.021484375,26762.021484375,1496053
2026-04-23 18:56:00+00:00,26750.73046875,26767.12109375,26750.623046875,26767.12109375,2232908
2026-04-23 18:57:00+00:00,26745.41015625,26750.298828125,26744.1171875,26748.826171875,705830
2026-04-23 18:58:00+00:00,26736.22265625,26747.01171875,26733.935546875,26745.447265625,2236912
2026-04-23 18:59:00+00:00,26714.103515625,26737.09375,26703.494140625,26737.09375,1001468
2026-04-23 19:00:00+00:00,26719.8515625,26723.865234375,26710.666015625,26713.03515625,3865347
2026-04-23 19:01:00+00:00,26716.634765625,26720.4765625,26706.173828125,26720.4765625,1606563
2026-04-23 19:02:00+00:00,26707.380859375,26717.025390625,26698.751953125,26717.025390625,1830402
2026-04-23 19:03:00+00:00,26714.927734375,26717.24609375,26709.30078125,26709.30078125,2645434
2026-04-23 19:04:00+00:00,26712.232421875,26713.201171875,26707.5546875,26713.201171875,710741
2026-04-23 19:05:00+00:00,26731.37890625,26731.37890625,26713.708984375,26713.708984375,2711372
2026-04-23 19:06:00+00:00,26740.171875,26746.6171875,26732.005859375,26732.005859375,1057295
2026-04-23 19:07:00+00:00,26749.2109375,26749.654296875,26736.55078125,26740.09375,1846425
2026-04-23 19:08:00+00:00,26747.123046875,26749.38671875,26744.232421875,26748.599609375,1712401
2026-04-23 19:09:00+00:00,26744.806640625,26750.642578125,26744.806640625,26746.525390625,1649365
2026-04-23 19:10:00+00:00,26737.97265625,26746.125,26736.609375,26744.216796875,1573015
2026-04-23 19:11:00+00:00,26744.8671875,26745.349609375,26736.453125,26736.453125,1665674
2026-04-23 19:12:00+00:00,26736.77734375,26744.009765625,26733.650390625,26744.009765625,1479948
2026-04-23 19:13:00+00:00,26744.8984375,26745.474609375,26738.244140625,26738.244140625,1558966
2026-04-23 19:14:00+00:00,26753.9921875,26753.9921875,26744.650390625,26744.650390625,1728694
2026-04-23 19:15:00+00:00,26758.98046875,26760.552734375,26754.34375,26754.34375,2902881
2026-04-23 19:16:00+00:00,26773.302734375,26773.302734375,26761.990234375,26761.990234375,1317110
2026-04-23 19:17:00+00:00,26766.84765625,26775.423828125,26766.84765625,26773.19140625,2696859
2026-04-23 19:18:00+00:00,26762.9765625,26766.591796875,26762.3828125,26764.142578125,812393
2026-04-23 19:19:00+00:00,26764.1875,26767.03125,26762.77734375,26764.828125,1845721
2026-04-23 19:20:00+00:00,26762.2421875,26763.9453125,26757.01171875,26763.736328125,2296243
2026-04-23 19:21:00+00:00,26757.6796875,26765.357421875,26757.6796875,26762.41796875,1814076
2026-04-23 19:22:00+00:00,26760.056640625,26765.28125,26755.07421875,26757.44921875,1877491
2026-04-23 19:23:00+00:00,26759.009765625,26764.025390625,26759.009765625,26759.423828125,1700500
2026-04-23 19:24:00+00:00,26762.81640625,26763.962890625,26759.10546875,26759.12109375,2453363
2026-04-23 19:25:00+00:00,26763.76953125,26766.71875,26761.94921875,26763.494140625,1111708
2026-04-23 19:26:00+00:00,26772.04296875,26772.06640625,26764.427734375,26764.994140625,2808827
2026-04-23 19:27:00+00:00,26762.517578125,26771.078125,26762.349609375,26771.078125,891120
2026-04-23 19:28:00+00:00,26771.419921875,26774.140625,26763.0234375,26763.0234375,1668831
2026-04-23 19:29:00+00:00,26766.650390625,26771.314453125,26766.650390625,26770.78125,1716507
2026-04-23 19:30:00+00:00,26770.41015625,26773.22265625,26762.390625,26764.638671875,2210755
2026-04-23 19:31:00+00:00,26777.40625,26779.76953125,26767.537109375,26769.06640625,3118681
2026-04-23 19:32:00+00:00,26780.615234375,26784.935546875,26775.19140625,26777.583984375,1243864
2026-04-23 19:33:00+00:00,26767.74609375,26781.177734375,26767.74609375,26781.142578125,3006098
2026-04-23 19:34:00+00:00,26744.56640625,26767.240234375,26744.56640625,26767.240234375,1121454
2026-04-23 19:35:00+00:00,26723.6640625,26742.58203125,26716.93359375,26742.58203125,3179544
2026-04-23 19:36:00+00:00,26722.84375,26726.92578125,26717.033203125,26726.92578125,2550334
2026-04-23 19:37:00+00:00,26720.34375,26724.900390625,26717.21875,26724.900390625,2329953
2026-04-23 19:38:00+00:00,26734.392578125,26736.0078125,26712.287109375,26720.240234375,2304383
2026-04-23 19:39:00+00:00,26727.509765625,26737.453125,26725.6875,26734.455078125,2532080
2026-04-23 19:40:00+00:00,26742.015625,26742.611328125,26729.74609375,26729.74609375,3802397
2026-04-23 19:41:00+00:00,26738.85546875,26745.005859375,26738.828125,26741.818359375,1226605
2026-04-23 19:42:00+00:00,26737.095703125,26739.5,26734.583984375,26739.5,3273299
2026-04-23 19:43:00+00:00,26725.607421875,26738.419921875,26723.87109375,26738.419921875,1047322
2026-04-23 19:44:00+00:00,26723.130859375,26726.015625,26721.072265625,26722.3359375,2999897
2026-04-23 19:45:00+00:00,26732.060546875,26735.2734375,26720.8671875,26720.8671875,3089539
2026-04-23 19:46:00+00:00,26732.90234375,26736.40234375,26727.12109375,26731.32421875,2582514
2026-04-23 19:47:00+00:00,26729.767578125,26733.134765625,26729.767578125,26733.134765625,4221566
2026-04-23 19:48:00+00:00,26738.41796875,26739.685546875,26729.5625,26730.505859375,1234340
2026-04-23 19:49:00+00:00,26750.55078125,26750.55078125,26739.013671875,26739.013671875,2580854
2026-04-23 19:50:00+00:00,26737.916015625,26747.806640625,26709.736328125,26737.685546875,4361212
2026-04-23 19:51:00+00:00,26738.6328125,26738.6328125,26729.8046875,26736.068359375,6758400
2026-04-23 19:52:00+00:00,26749.97265625,26749.97265625,26735.466796875,26737.767578125,6556000
2026-04-23 19:53:00+00:00,26756.888671875,26762.373046875,26756.888671875,26759.640625,2401000
2026-04-23 19:54:00+00:00,26758.384765625,26758.384765625,26745.990234375,26750.892578125,10328000
2026-04-23 19:55:00+00:00,26758.109375,26758.109375,26749.912109375,26751.521484375,3521000
2026-04-23 19:56:00+00:00,26769.50390625,26771.94140625,26758.7734375,26758.7734375,6113000
2026-04-23 19:57:00+00:00,26777.74609375,26778.947265625,26769.83984375,26769.83984375,6092000
2026-04-23 19:58:00+00:00,26790.734375,26791.01171875,26776.7421875,26778.0,6240000
2026-04-23 19:59:00+00:00,26781.9921875,26795.818359375,26781.9921875,26789.34765625,9451000
2026-04-24 13:30:00+00:00,27056.01171875,27070.193359375,27056.01171875,27067.8046875,0
2026-04-24 13:31:00+00:00,27067.310546875,27087.740234375,27058.130859375,27073.974609375,16060289
2026-04-24 13:32:00+00:00,27062.96875,27080.169921875,27062.96875,27078.759765625,17608826
2026-04-24 13:33:00+00:00,27085.142578125,27092.703125,27063.591796875,27063.591796875,13294023
2026-04-24 13:34:00+00:00,27094.98046875,27107.0859375,27082.568359375,27085.69921875,10853879
2026-04-24 13:35:00+00:00,27061.888671875,27089.166015625,27061.888671875,27089.166015625,10976436
2026-04-24 13:36:00+00:00,27066.47265625,27076.359375,27062.681640625,27065.015625,8586664
2026-04-24 13:37:00+00:00,27079.220703125,27079.220703125,27062.44921875,27062.44921875,7930687
2026-04-24 13:38:00+00:00,27093.9296875,27093.9296875,27066.4921875,27070.978515625,7421456
2026-04-24 13:39:00+00:00,27105.560546875,27117.3125,27096.41015625,27096.41015625,7881786
2026-04-24 13:40:00+00:00,27107.34765625,27114.908203125,27100.748046875,27102.98046875,8210248
2026-04-24 13:41:00+00:00,27104.044921875,27115.134765625,27095.724609375,27104.15234375,6981066
2026-04-24 13:42:00+00:00,27103.244140625,27121.8359375,27103.244140625,27115.880859375,6479084
2026-04-24 13:43:00+00:00,27070.994140625,27097.7890625,27070.994140625,27097.7890625,5928529
2026-04-24 13:44:00+00:00,27074.4296875,27074.4296875,27061.798828125,27064.62890625,6930330
2026-04-24 13:45:00+00:00,27086.390625,27086.54296875,27070.96875,27086.54296875,5913056
2026-04-24 13:46:00+00:00,27083.55078125,27083.55078125,27071.447265625,27077.2734375,6348826
2026-04-24 13:47:00+00:00,27068.048828125,27074.994140625,27067.001953125,27073.439453125,5700329
2026-04-24 13:48:00+00:00,27087.23828125,27097.09765625,27072.265625,27072.265625,6432631
2026-04-24 13:49:00+00:00,27092.015625,27092.015625,27075.046875,27088.61328125,6641549
2026-04-24 13:50:00+00:00,27084.673828125,27109.759765625,27084.673828125,27102.359375,6165273
2026-04-24 13:51:00+00:00,27051.810546875,27078.162109375,27051.810546875,27075.451171875,5515232
2026-04-24 13:52:00+00:00,27069.099609375,27069.099609375,27052.318359375,27052.318359375,6250949
2026-04-24 13:53:00+00:00,27049.806640625,27060.248046875,27049.205078125,27058.455078125,5261521
2026-04-24 13:54:00+00:00,27021.455078125,27051.47265625,27021.455078125,27051.47265625,5461070
2026-04-24 13:55:00+00:00,27004.51171875,27025.544921875,27002.037109375,27025.544921875,5421442
2026-04-24 13:56:00+00:00,27000.193359375,27011.40625,26990.763671875,27011.40625,6114248
2026-04-24 13:57:00+00:00,27039.185546875,27039.185546875,27007.974609375,27007.974609375,5785127
2026-04-24 13:58:00+00:00,27044.8359375,27052.275390625,27032.990234375,27043.662109375,5140940
2026-04-24 13:59:00+00:00,27053.671875,27054.939453125,27042.865234375,27042.865234375,4666443
2026-04-24 14:00:00+00:00,27033.98046875,27044.396484375,27029.66015625,27041.01953125,4833471
2026-04-24 14:01:00+00:00,27060.548828125,27071.283203125,27027.08984375,27037.5625,6086964
2026-04-24 14:02:00+00:00,27049.8203125,27061.0546875,27046.84765625,27061.0546875,4983703
2026-04-24 14:03:00+00:00,27024.392578125,27041.26953125,27024.392578125,27041.26953125,4099471
2026-04-24 14:04:00+00:00,27044.955078125,27051.17578125,27024.97265625,27035.52734375,4564460
2026-04-24 14:05:00+00:00,27047.0859375,27064.83984375,27042.044921875,27042.044921875,4066782
2026-04-24 14:06:00+00:00,27062.30859375,27064.8984375,27043.4296875,27046.470703125,4171963
2026-04-24 14:07:00+00:00,27063.169921875,27064.234375,27042.720703125,27064.234375,4162848
2026-04-24 14:08:00+00:00,27072.3046875,27075.916015625,27061.673828125,27061.673828125,4589970
2026-04-24 14:09:00+00:00,27101.064453125,27101.064453125,27072.03515625,27072.03515625,3913924
2026-04-24 14:10:00+00:00,27080.01953125,27092.375,27079.068359375,27092.375,5040098
2026-04-24 14:11:00+00:00,27096.7890625,27097.197265625,27078.947265625,27078.947265625,3736594
2026-04-24 14:12:00+00:00,27122.7265625,27122.7265625,27096.677734375,27096.677734375,4575825
2026-04-24 14:13:00+00:00,27108.900390625,27125.82421875,27106.06640625,27124.099609375,5266938
2026-04-24 14:14:00+00:00,27092.962890625,27123.5546875,27092.962890625,27113.0859375,5134739
2026-04-24 14:15:00+00:00,27103.412109375,27103.412109375,27084.775390625,27091.439453125,4219267
2026-04-24 14:16:00+00:00,27118.9140625,27122.890625,27105.703125,27105.703125,3545867
2026-04-24 14:17:00+00:00,27100.193359375,27115.3359375,27099.21875,27113.888671875,4398011
2026-04-24 14:18:00+00:00,27087.96484375,27098.912109375,27086.041015625,27096.8671875,3552811
2026-04-24 14:19:00+00:00,27102.935546875,27103.78515625,27086.734375,27086.734375,3755032
2026-04-24 14:20:00+00:00,27103.52734375,27113.80078125,27100.498046875,27100.498046875,3498624
2026-04-24 14:21:00+00:00,27085.21484375,27099.3125,27078.009765625,27099.3125,4103980
2026-04-24 14:22:00+00:00,27093.65234375,27095.51953125,27084.66015625,27088.349609375,3209743
2026-04-24 14:23:00+00:00,27095.466796875,27097.802734375,27086.302734375,27087.337890625,3275492
2026-04-24 14:24:00+00:00,27098.814453125,27098.814453125,27086.119140625,27090.4765625,2694794
2026-04-24 14:25:00+00:00,27080.529296875,27095.712890625,27080.529296875,27095.712890625,3690590
2026-04-24 14:26:00+00:00,27057.828125,27087.083984375,27053.796875,27085.521484375,3778820
2026-04-24 14:27:00+00:00,27056.44921875,27064.322265625,27046.775390625,27062.4296875,3025567
2026-04-24 14:28:00+00:00,27067.4140625,27069.119140625,27050.49609375,27055.69921875,3821810
2026-04-24 14:29:00+00:00,27058.982421875,27068.935546875,27054.693359375,27068.935546875,3204371
2026-04-24 14:30:00+00:00,27055.12890625,27073.94140625,27054.4140625,27067.40625,3111214
2026-04-24 14:31:00+00:00,27037.1796875,27053.28515625,27037.1796875,27053.28515625,3112444
2026-04-24 14:32:00+00:00,27044.994140625,27044.994140625,27034.587890625,27036.630859375,3322219
2026-04-24 14:33:00+00:00,27034.306640625,27042.6328125,27032.865234375,27042.6328125,3117962
2026-04-24 14:34:00+00:00,27057.95703125,27061.12109375,27036.33984375,27036.33984375,3732066
2026-04-24 14:35:00+00:00,27052.546875,27059.724609375,27048.044921875,27053.455078125,3425690
2026-04-24 14:36:00+00:00,27069.654296875,27069.654296875,27055.5,27055.63671875,3311884
2026-04-24 14:37:00+00:00,27050.90625,27071.28125,27050.90625,27065.04296875,3044466
2026-04-24 14:38:00+00:00,27087.09765625,27087.322265625,27047.130859375,27052.337890625,3524480
2026-04-24 14:39:00+00:00,27094.931640625,27100.498046875,27087.685546875,27087.685546875,3995769
2026-04-24 14:40:00+00:00,27094.349609375,27098.509765625,27093.205078125,27093.205078125,3141703
2026-04-24 14:41:00+00:00,27093.58203125,27100.8671875,27093.3125,27093.3125,5217580
2026-04-24 14:42:00+00:00,27092.484375,27099.26171875,27092.484375,27097.7109375,3661344
2026-04-24 14:43:00+00:00,27109.837890625,27109.837890625,27090.61328125,27090.61328125,3425737
2026-04-24 14:44:00+00:00,27113.060546875,27115.60546875,27103.8046875,27103.8046875,3740529
2026-04-24 14:45:00+00:00,27116.869140625,27120.330078125,27114.173828125,27114.173828125,3452113
2026-04-24 14:46:00+00:00,27131.634765625,27137.599609375,27112.408203125,27112.408203125,3914817
2026-04-24 14:47:00+00:00,27107.60546875,27128.76171875,27106.73046875,27128.76171875,4221477
2026-04-24 14:48:00+00:00,27102.40234375,27116.4140625,27101.546875,27113.494140625,3723293
2026-04-24 14:49:00+00:00,27121.82421875,27121.82421875,27095.41015625,27095.41015625,3592285
2026-04-24 14:50:00+00:00,27118.25,27125.359375,27118.25,27121.8984375,3606698
2026-04-24 14:51:00+00:00,27125.6953125,27128.146484375,27111.162109375,27118.6640625,2954991
2026-04-24 14:52:00+00:00,27134.251953125,27134.251953125,27126.359375,27127.125,2910875
2026-04-24 14:53:00+00:00,27134.69921875,27138.509765625,27131.73046875,27133.93359375,3016202
2026-04-24 14:54:00+00:00,27127.560546875,27135.5546875,27127.560546875,27132.18359375,2947131
2026-04-24 14:55:00+00:00,27135.52734375,27141.44921875,27130.47265625,27130.47265625,3279580
2026-04-24 14:56:00+00:00,27149.4296875,27149.4296875,27137.984375,27137.984375,3192340
2026-04-24 14:57:00+00:00,27152.51171875,27157.83984375,27151.876953125,27155.4609375,4308233
2026-04-24 14:58:00+00:00,27144.919921875,27154.810546875,27138.69140625,27154.173828125,3846245
2026-04-24 14:59:00+00:00,27149.384765625,27149.931640625,27143.560546875,27146.865234375,3587165
2026-04-24 15:00:00+00:00,27156.84375,27157.400390625,27148.16015625,27154.84375,4440024
2026-04-24 15:01:00+00:00,27161.755859375,27162.1484375,27155.470703125,27155.470703125,3986582
2026-04-24 15:02:00+00:00,27153.5859375,27154.08984375,27147.818359375,27154.08984375,3755959
2026-04-24 15:03:00+00:00,27165.4765625,27167.2421875,27155.865234375,27159.16796875,3280281
2026-04-24 15:04:00+00:00,27158.46875,27160.427734375,27152.9765625,27160.427734375,3061381
2026-04-24 15:05:00+00:00,27154.39453125,27162.375,27154.39453125,27157.34375,3016818
2026-04-24 15:06:00+00:00,27148.103515625,27157.33984375,27148.103515625,27154.779296875,2971866
2026-04-24 15:07:00+00:00,27157.57421875,27161.0,27151.134765625,27151.134765625,3846324
2026-04-24 15:08:00+00:00,27155.83203125,27163.591796875,27155.83203125,27161.02734375,3916658
2026-04-24 15:09:00+00:00,27155.8359375,27166.92578125,27155.8359375,27155.84765625,3932468
2026-04-24 15:10:00+00:00,27157.4453125,27160.85546875,27154.86328125,27156.255859375,3924123
2026-04-24 15:11:00+00:00,27162.349609375,27162.349609375,27154.341796875,27158.115234375,3294200
2026-04-24 15:12:00+00:00,27165.7421875,27168.943359375,27161.650390625,27161.650390625,3027631
2026-04-24 15:13:00+00:00,27170.4453125,27171.5703125,27164.787109375,27164.787109375,2648371
2026-04-24 15:14:00+00:00,27166.671875,27169.88671875,27166.671875,27169.013671875,2310123
2026-04-24 15:15:00+00:00,27168.234375,27176.17578125,27168.234375,27175.810546875,3349864
2026-04-24 15:16:00+00:00,27171.6796875,27173.068359375,27163.41015625,27165.939453125,2979204
2026-04-24 15:17:00+00:00,27172.0859375,27173.2265625,27168.63671875,27171.6484375,3838965
2026-04-24 15:18:00+00:00,27163.1640625,27171.072265625,27161.564453125,27171.072265625,3468449
2026-04-24 15:19:00+00:00,27162.48046875,27164.1328125,27161.4296875,27164.1328125,3455900
2026-04-24 15:20:00+00:00,27160.4609375,27163.447265625,27153.4375,27157.099609375,3349979
2026-04-24 15:21:00+00:00,27172.0078125,27172.078125,27163.74609375,27163.74609375,3059032
2026-04-24 15:22:00+00:00,27178.306640625,27178.44921875,27170.21875,27170.21875,3750113
2026-04-24 15:23:00+00:00,27186.3828125,27189.53125,27181.2265625,27181.2265625,2643493
2026-04-24 15:24:00+00:00,27184.990234375,27188.6796875,27178.109375,27187.869140625,2902636
2026-04-24 15:25:00+00:00,27174.451171875,27183.08203125,27170.447265625,27182.873046875,2650424
2026-04-24 15:26:00+00:00,27171.27734375,27172.46875,27164.39453125,27171.2109375,3280275
2026-04-24 15:27:00+00:00,27173.560546875,27174.541015625,27168.73828125,27168.73828125,3091099
2026-04-24 15:28:00+00:00,27185.9921875,27186.0859375,27172.64453125,27172.64453125,2336443
2026-04-24 15:29:00+00:00,27183.201171875,27184.71875,27180.345703125,27183.349609375,3341733
2026-04-24 15:30:00+00:00,27194.0546875,27195.26171875,27180.373046875,27180.373046875,2790871
2026-04-24 15:31:00+00:00,27201.369140625,27203.734375,27197.474609375,27197.474609375,2867732
2026-04-24 15:32:00+00:00,27193.302734375,27204.05859375,27192.619140625,27204.05859375,2766303
2026-04-24 15:33:00+00:00,27194.736328125,27194.736328125,27187.3359375,27191.33203125,2969235
2026-04-24 15:34:00+00:00,27188.603515625,27195.37890625,27188.603515625,27193.681640625,4099949
2026-04-24 15:35:00+00:00,27188.0625,27193.57421875,27183.36328125,27187.6015625,3354603
2026-04-24 15:36:00+00:00,27177.015625,27187.70703125,27177.015625,27185.484375,2713489
2026-04-24 15:37:00+00:00,27178.306640625,27182.361328125,27178.013671875,27178.013671875,2432564
2026-04-24 15:38:00+00:00,27173.08984375,27178.087890625,27171.6171875,27176.580078125,2334950
2026-04-24 15:39:00+00:00,27169.767578125,27175.26171875,27168.28125,27174.65625,2316886
2026-04-24 15:40:00+00:00,27185.09375,27185.931640625,27169.85546875,27170.26171875,2419270
2026-04-24 15:41:00+00:00,27189.22265625,27191.34375,27180.869140625,27186.072265625,2422371
2026-04-24 15:42:00+00:00,27183.958984375,27190.6484375,27183.958984375,27190.6484375,2122299
2026-04-24 15:43:00+00:00,27179.71875,27182.125,27176.59765625,27182.125,2592412
2026-04-24 15:44:00+00:00,27238.693359375,27238.693359375,27179.30859375,27180.236328125,2193971
2026-04-24 15:45:00+00:00,27222.357421875,27262.572265625,27222.357421875,27255.23046875,5123494
2026-04-24 15:46:00+00:00,27225.408203125,27226.240234375,27209.77734375,27218.916015625,5790285
2026-04-24 15:47:00+00:00,27239.587890625,27244.876953125,27235.736328125,27237.439453125,3041631
2026-04-24 15:48:00+00:00,27226.67578125,27242.369140625,27226.67578125,27237.33984375,2234032
2026-04-24 15:49:00+00:00,27233.607421875,27233.607421875,27224.521484375,27224.521484375,2695545
2026-04-24 15:50:00+00:00,27264.720703125,27264.720703125,27232.45703125,27232.45703125,4009755
2026-04-24 15:51:00+00:00,27263.818359375,27268.14453125,27257.6875,27262.51171875,3144022
2026-04-24 15:52:00+00:00,27262.802734375,27269.79296875,27253.9296875,27259.59375,3330449
2026-04-24 15:53:00+00:00,27248.162109375,27261.390625,27248.162109375,27261.390625,2414733
2026-04-24 15:54:00+00:00,27248.689453125,27253.98828125,27248.689453125,27252.197265625,2428086
2026-04-24 15:55:00+00:00,27254.845703125,27255.9296875,27246.341796875,27250.599609375,2588780
2026-04-24 15:56:00+00:00,27246.154296875,27249.947265625,27245.3515625,27247.59765625,3012562
2026-04-24 15:57:00+00:00,27244.56640625,27247.37890625,27244.56640625,27245.115234375,2298560
2026-04-24 15:58:00+00:00,27248.541015625,27248.541015625,27243.22265625,27243.22265625,2289353
2026-04-24 15:59:00+00:00,27252.427734375,27253.095703125,27243.990234375,27246.09375,2428818
2026-04-24 16:00:00+00:00,27250.056640625,27255.787109375,27249.423828125,27252.455078125,2717566
2026-04-24 16:01:00+00:00,27248.677734375,27251.9296875,27241.298828125,27250.92578125,2863014
2026-04-24 16:02:00+00:00,27254.677734375,27254.927734375,27248.396484375,27248.396484375,2165809
2026-04-24 16:03:00+00:00,27242.263671875,27250.9609375,27235.2578125,27250.9609375,2301671
2026-04-24 16:04:00+00:00,27251.16015625,27251.765625,27244.248046875,27244.248046875,4127513
2026-04-24 16:05:00+00:00,27253.111328125,27257.150390625,27250.16796875,27251.16796875,1579945
2026-04-24 16:06:00+00:00,27254.248046875,27259.484375,27254.248046875,27254.59765625,4031285
2026-04-24 16:07:00+00:00,27227.873046875,27252.736328125,27227.873046875,27252.736328125,1510753
2026-04-24 16:08:00+00:00,27217.8203125,27230.953125,27216.0703125,27230.953125,2845849
2026-04-24 16:09:00+00:00,27225.5390625,27226.583984375,27220.064453125,27223.36328125,3497123
2026-04-24 16:10:00+00:00,27237.322265625,27238.134765625,27221.5859375,27227.091796875,1163342
2026-04-24 16:11:00+00:00,27246.30078125,27247.568359375,27237.763671875,27237.763671875,3164544
2026-04-24 16:12:00+00:00,27248.140625,27253.345703125,27247.669921875,27247.669921875,928323
2026-04-24 16:13:00+00:00,27256.6328125,27256.75,27246.029296875,27246.8984375,1823232
2026-04-24 16:14:00+00:00,27242.03125,27257.017578125,27241.193359375,27257.017578125,1879639
2026-04-24 16:15:00+00:00,27232.56640625,27241.31640625,27230.703125,27241.31640625,1962003
2026-04-24 16:16:00+00:00,27241.8125,27243.484375,27225.587890625,27225.587890625,3595107
2026-04-24 16:17:00+00:00,27241.98046875,27243.169921875,27238.884765625,27240.935546875,925685
2026-04-24 16:18:00+00:00,27244.78125,27246.25,27240.853515625,27242.90234375,3711304
2026-04-24 16:19:00+00:00,27240.83203125,27245.408203125,27240.529296875,27244.48046875,1015833
2026-04-24 16:20:00+00:00,27251.44140625,27253.103515625,27241.091796875,27241.091796875,2402411
2026-04-24 16:21:00+00:00,27250.41796875,27252.6484375,27249.794921875,27251.666015625,2336459
2026-04-24 16:22:00+00:00,27247.78515625,27249.23046875,27245.048828125,27249.23046875,2605374
2026-04-24 16:23:00+00:00,27248.931640625,27251.6484375,27248.21875,27248.400390625,2212891
2026-04-24 16:24:00+00:00,27255.58984375,27255.58984375,27248.578125,27248.71875,2137035
2026-04-24 16:25:00+00:00,27262.73046875,27264.884765625,27256.974609375,27256.974609375,5719117
2026-04-24 16:26:00+00:00,27257.55078125,27260.4375,27253.146484375,27260.4375,1298669
2026-04-24 16:27:00+00:00,27257.099609375,27261.310546875,27254.810546875,27258.23046875,4197153
2026-04-24 16:28:00+00:00,27258.8984375,27259.54296875,27257.69140625,27258.3671875,923278
2026-04-24 16:29:00+00:00,27254.095703125,27257.09765625,27250.724609375,27257.09765625,1888250
2026-04-24 16:30:00+00:00,27273.916015625,27274.763671875,27253.919921875,27253.919921875,2022339
2026-04-24 16:31:00+00:00,27280.234375,27283.384765625,27273.763671875,27273.763671875,3449130
2026-04-24 16:32:00+00:00,27278.7890625,27283.611328125,27278.7890625,27278.82421875,1672434
2026-04-24 16:33:00+00:00,27278.708984375,27279.181640625,27273.75,27278.12890625,3481989
2026-04-24 16:34:00+00:00,27280.01953125,27280.01953125,27271.162109375,27276.490234375,3289075
2026-04-24 16:35:00+00:00,27275.70703125,27283.36328125,27275.70703125,27280.130859375,2252341
2026-04-24 16:36:00+00:00,27274.05859375,27278.912109375,27274.05859375,27275.53515625,3181417
2026-04-24 16:37:00+00:00,27286.37109375,27286.37109375,27273.53515625,27273.53515625,928843
2026-04-24 16:38:00+00:00,27279.466796875,27285.486328125,27277.3203125,27285.140625,3278118
2026-04-24 16:39:00+00:00,27272.0078125,27281.931640625,27270.9453125,27278.71484375,1844039
2026-04-24 16:40:00+00:00,27268.1953125,27273.017578125,27268.1953125,27272.849609375,1919790
2026-04-24 16:41:00+00:00,27265.197265625,27271.90625,27265.197265625,27268.66796875,2325577
2026-04-24 16:42:00+00:00,27253.052734375,27264.998046875,27251.9375,27264.998046875,2218724
2026-04-24 16:43:00+00:00,27240.798828125,27251.966796875,27238.658203125,27251.966796875,3348952
2026-04-24 16:44:00+00:00,27248.642578125,27249.123046875,27239.60546875,27240.33203125,1108279
2026-04-24 16:45:00+00:00,27260.509765625,27260.509765625,27249.951171875,27249.951171875,2337842
2026-04-24 16:46:00+00:00,27258.08984375,27261.5,27254.939453125,27261.5,1857279
2026-04-24 16:47:00+00:00,27249.634765625,27259.19140625,27249.634765625,27259.19140625,2775179
2026-04-24 16:48:00+00:00,27253.966796875,27256.884765625,27250.775390625,27250.775390625,2664370
2026-04-24 16:49:00+00:00,27249.708984375,27253.40625,27244.39453125,27253.40625,1268635
2026-04-24 16:50:00+00:00,27253.451171875,27254.2890625,27249.60546875,27249.60546875,3249060
2026-04-24 16:51:00+00:00,27254.64453125,27254.64453125,27248.94921875,27252.3203125,1156808
2026-04-24 16:52:00+00:00,27259.400390625,27261.486328125,27255.705078125,27255.705078125,2622153
2026-04-24 16:53:00+00:00,27256.423828125,27261.93359375,27256.423828125,27259.021484375,1644461
2026-04-24 16:54:00+00:00,27254.013671875,27258.615234375,27251.271484375,27256.537109375,1791022
2026-04-24 16:55:00+00:00,27259.986328125,27263.826171875,27254.236328125,27254.236328125,2004625
2026-04-24 16:56:00+00:00,27255.541015625,27259.466796875,27254.82421875,27258.99609375,2535668
2026-04-24 16:57:00+00:00,27254.9140625,27256.748046875,27253.232421875,27255.083984375,2799248
2026-04-24 16:58:00+00:00,27268.875,27269.603515625,27255.9140625,27255.9140625,1570846
2026-04-24 16:59:00+00:00,27267.857421875,27269.3046875,27265.599609375,27267.880859375,2493691
2026-04-24 17:00:00+00:00,27276.78125,27277.169921875,27268.197265625,27268.197265625,1474637
2026-04-24 17:01:00+00:00,27271.046875,27279.78515625,27271.046875,27275.79296875,1968765
2026-04-24 17:02:00+00:00,27267.794921875,27275.052734375,27267.13671875,27271.8671875,2197896
2026-04-24 17:03:00+00:00,27276.865234375,27276.865234375,27267.7109375,27267.7109375,2124500
2026-04-24 17:04:00+00:00,27271.25,27277.06640625,27267.0078125,27277.06640625,3015155
2026-04-24 17:05:00+00:00,27269.07421875,27274.66015625,27269.07421875,27271.578125,946239
2026-04-24 17:06:00+00:00,27271.564453125,27272.00390625,27263.48828125,27270.36328125,2715153
2026-04-24 17:07:00+00:00,27267.041015625,27274.09765625,27264.806640625,27273.833984375,964360
2026-04-24 17:08:00+00:00,27268.3203125,27270.6484375,27264.84375,27267.572265625,3159198
2026-04-24 17:09:00+00:00,27265.826171875,27269.84765625,27265.171875,27266.310546875,2267873
2026-04-24 17:10:00+00:00,27270.8359375,27270.8359375,27261.814453125,27265.544921875,2415430
2026-04-24 17:11:00+00:00,27273.58203125,27275.947265625,27271.931640625,27271.931640625,2150456
2026-04-24 17:12:00+00:00,27268.421875,27270.685546875,27264.775390625,27270.685546875,1957269
2026-04-24 17:13:00+00:00,27262.00390625,27269.3515625,27260.62109375,27266.7890625,2867974
2026-04-24 17:14:00+00:00,27266.837890625,27266.96875,27262.484375,27262.484375,1111821
2026-04-24 17:15:00+00:00,27256.796875,27266.642578125,27256.66796875,27266.642578125,2917476
2026-04-24 17:16:00+00:00,27252.34375,27256.685546875,27250.765625,27255.82421875,937386
2026-04-24 17:17:00+00:00,27253.64453125,27254.546875,27251.115234375,27252.361328125,2079682
2026-04-24 17:18:00+00:00,27253.875,27253.875,27251.58984375,27253.41015625,2053303
2026-04-24 17:19:00+00:00,27253.146484375,27254.576171875,27251.412109375,27254.466796875,2066467
2026-04-24 17:20:00+00:00,27249.0546875,27256.4609375,27249.0546875,27254.076171875,1979831
2026-04-24 17:21:00+00:00,27239.923828125,27248.99609375,27239.923828125,27248.99609375,1735769
2026-04-24 17:22:00+00:00,27235.546875,27240.6875,27235.546875,27238.802734375,1871184
2026-04-24 17:23:00+00:00,27229.701171875,27235.55859375,27223.162109375,27235.55859375,2464619
2026-04-24 17:24:00+00:00,27247.6640625,27248.26953125,27231.267578125,27231.267578125,2283276
2026-04-24 17:25:00+00:00,27248.857421875,27250.958984375,27245.7265625,27248.951171875,3405360
2026-04-24 17:26:00+00:00,27250.72265625,27255.48828125,27248.943359375,27248.943359375,1012677
2026-04-24 17:27:00+00:00,27244.91015625,27250.267578125,27244.314453125,27250.267578125,2795595
2026-04-24 17:28:00+00:00,27245.80078125,27246.703125,27244.173828125,27244.68359375,1103370
2026-04-24 17:29:00+00:00,27242.83203125,27248.615234375,27242.83203125,27245.86328125,2646150
2026-04-24 17:30:00+00:00,27238.078125,27240.8046875,27235.044921875,27240.716796875,1999249
2026-04-24 17:31:00+00:00,27233.142578125,27240.126953125,27230.42578125,27238.154296875,2507217
2026-04-24 17:32:00+00:00,27235.810546875,27237.533203125,27231.283203125,27232.638671875,2645445
2026-04-24 17:33:00+00:00,27242.05859375,27242.81640625,27235.310546875,27237.380859375,804427
2026-04-24 17:34:00+00:00,27250.787109375,27253.1953125,27237.291015625,27241.75390625,3845042
2026-04-24 17:35:00+00:00,27259.205078125,27265.154296875,27249.099609375,27249.099609375,1228356
2026-04-24 17:36:00+00:00,27274.859375,27274.859375,27259.951171875,27259.951171875,1756218
2026-04-24 17:37:00+00:00,27265.76953125,27274.447265625,27265.76953125,27273.6484375,2018035
2026-04-24 17:38:00+00:00,27261.68359375,27265.75390625,27260.943359375,27265.126953125,1668413
2026-04-24 17:39:00+00:00,27252.685546875,27262.33984375,27251.087890625,27262.33984375,1572688
2026-04-24 17:40:00+00:00,27257.658203125,27257.658203125,27253.73828125,27253.73828125,1621753
2026-04-24 17:41:00+00:00,27268.44921875,27268.86328125,27255.349609375,27256.541015625,4824371
2026-04-24 17:42:00+00:00,27265.126953125,27265.126953125,27260.939453125,27265.00390625,985221
2026-04-24 17:43:00+00:00,27264.763671875,27266.990234375,27262.734375,27266.0703125,2201809
2026-04-24 17:44:00+00:00,27271.712890625,27272.921875,27264.99609375,27265.275390625,690838
2026-04-24 17:45:00+00:00,27270.81640625,27274.15625,27269.662109375,27272.21484375,1657985
2026-04-24 17:46:00+00:00,27277.23828125,27278.30078125,27271.65625,27271.65625,1587893
2026-04-24 17:47:00+00:00,27276.919921875,27276.919921875,27271.361328125,27274.24609375,2162159
2026-04-24 17:48:00+00:00,27275.458984375,27279.232421875,27274.916015625,27276.486328125,2596424
2026-04-24 17:49:00+00:00,27272.2265625,27277.412109375,27272.2265625,27275.48828125,797052
2026-04-24 17:50:00+00:00,27277.25,27278.947265625,27273.1171875,27273.1171875,2441325
2026-04-24 17:51:00+00:00,27274.53125,27281.0859375,27274.083984375,27277.736328125,923171
2026-04-24 17:52:00+00:00,27276.923828125,27276.923828125,27271.30078125,27273.931640625,1605418
2026-04-24 17:53:00+00:00,27282.27734375,27283.376953125,27277.595703125,27277.8515625,1496748
2026-04-24 17:54:00+00:00,27295.16015625,27313.560546875,27283.791015625,27283.791015625,3490048
2026-04-24 17:55:00+00:00,27290.658203125,27297.84375,27290.658203125,27295.814453125,1350937
2026-04-24 17:56:00+00:00,27292.25390625,27293.865234375,27290.427734375,27290.427734375,1469606
2026-04-24 17:57:00+00:00,27287.1640625,27293.814453125,27287.1640625,27291.298828125,2453085
2026-04-24 17:58:00+00:00,27289.841796875,27292.3203125,27288.09765625,27288.09765625,952871
2026-04-24 17:59:00+00:00,27290.69921875,27292.1796875,27287.861328125,27289.59765625,2648941
2026-04-24 18:00:00+00:00,27284.076171875,27292.8828125,27284.076171875,27292.119140625,1284449
2026-04-24 18:01:00+00:00,27296.20703125,27296.20703125,27284.099609375,27284.099609375,1934587
2026-04-24 18:02:00+00:00,27294.162109375,27299.248046875,27293.169921875,27297.271484375,1703860
2026-04-24 18:03:00+00:00,27285.83984375,27294.3046875,27285.83984375,27293.671875,1496552
2026-04-24 18:04:00+00:00,27283.302734375,27287.4140625,27280.9609375,27285.873046875,2462688
2026-04-24 18:05:00+00:00,27266.0078125,27281.81640625,27265.7265625,27280.189453125,1475815
2026-04-24 18:06:00+00:00,27270.408203125,27270.419921875,27266.50390625,27266.50390625,2800052
2026-04-24 18:07:00+00:00,27278.587890625,27278.970703125,27270.44140625,27271.619140625,1281780
2026-04-24 18:08:00+00:00,27279.69140625,27282.224609375,27277.728515625,27278.5859375,1746356
2026-04-24 18:09:00+00:00,27279.95703125,27280.623046875,27277.236328125,27278.98046875,1812549
2026-04-24 18:10:00+00:00,27278.056640625,27284.6953125,27277.984375,27281.09765625,1732205
2026-04-24 18:11:00+00:00,27273.75390625,27279.138671875,27273.75390625,27278.197265625,1630931
2026-04-24 18:12:00+00:00,27267.923828125,27276.173828125,27267.923828125,27273.419921875,1739000
2026-04-24 18:13:00+00:00,27267.76171875,27271.85546875,27266.712890625,27266.712890625,2836000
2026-04-24 18:14:00+00:00,27271.61328125,27271.61328125,27267.1796875,27267.1796875,748000
2026-04-24 18:15:00+00:00,27270.359375,27274.1796875,27270.314453125,27271.740234375,2168000
2026-04-24 18:16:00+00:00,27261.509765625,27271.31640625,27257.978515625,27271.31640625,1193000
2026-04-24 18:17:00+00:00,27255.861328125,27262.25390625,27255.861328125,27262.15234375,1519000
2026-04-24 18:18:00+00:00,27258.3515625,27258.3515625,27251.21484375,27254.716796875,2007000
2026-04-24 18:19:00+00:00,27257.31640625,27259.220703125,27254.43359375,27259.0078125,1734000
2026-04-24 18:20:00+00:00,27250.873046875,27257.8671875,27249.990234375,27257.8671875,2395000
2026-04-24 18:21:00+00:00,27252.9140625,27256.46484375,27251.169921875,27251.169921875,1068000
2026-04-24 18:22:00+00:00,27246.099609375,27254.904296875,27246.099609375,27253.458984375,2606000
2026-04-24 18:23:00+00:00,27248.72265625,27248.798828125,27245.267578125,27246.359375,788000
2026-04-24 18:24:00+00:00,27256.740234375,27256.740234375,27248.4453125,27249.267578125,1670000
2026-04-24 18:25:00+00:00,27262.1875,27262.1875,27254.0546875,27256.169921875,2320000
2026-04-24 18:26:00+00:00,27265.39453125,27266.560546875,27260.703125,27262.107421875,2010000
2026-04-24 18:27:00+00:00,27254.728515625,27265.2421875,27254.728515625,27264.2890625,2290000
2026-04-24 18:28:00+00:00,27246.279296875,27253.767578125,27245.79296875,27253.767578125,1425000
2026-04-24 18:29:00+00:00,27246.30859375,27249.076171875,27245.072265625,27246.77734375,2870000
2026-04-24 18:30:00+00:00,27250.361328125,27252.828125,27245.828125,27247.73046875,978000
2026-04-24 18:31:00+00:00,27256.017578125,27257.728515625,27250.0625,27250.0625,2698000
2026-04-24 18:32:00+00:00,27261.7890625,27266.1484375,27255.140625,27255.140625,1856000
2026-04-24 18:33:00+00:00,27262.33203125,27262.333984375,27258.24609375,27262.251953125,740000
2026-04-24 18:34:00+00:00,27269.484375,27270.0390625,27263.630859375,27263.630859375,2500000
2026-04-24 18:35:00+00:00,27271.861328125,27272.28515625,27267.181640625,27267.181640625,842000
2026-04-24 18:36:00+00:00,27270.3515625,27271.59375,27266.86328125,27271.3984375,1988000
2026-04-24 18:37:00+00:00,27270.16015625,27271.51953125,27269.326171875,27270.267578125,1525000
2026-04-24 18:38:00+00:00,27271.1171875,27275.388671875,27270.25,27270.25,1747000
2026-04-24 18:39:00+00:00,27270.177734375,27272.912109375,27268.513671875,27271.849609375,1852000
2026-04-24 18:40:00+00:00,27278.923828125,27278.923828125,27270.791015625,27270.791015625,1795000
2026-04-24 18:41:00+00:00,27276.97265625,27280.193359375,27276.8359375,27279.09375,2447000
2026-04-24 18:42:00+00:00,27271.115234375,27275.416015625,27271.115234375,27274.751953125,745000
2026-04-24 18:43:00+00:00,27262.73046875,27270.859375,27261.560546875,27270.859375,2537000
2026-04-24 18:44:00+00:00,27267.259765625,27268.19140625,27263.021484375,27263.021484375,966000
2026-04-24 18:45:00+00:00,27258.078125,27266.6640625,27257.294921875,27266.6640625,1848000
2026-04-24 18:46:00+00:00,27262.884765625,27266.453125,27258.55859375,27258.55859375,2251000
2026-04-24 18:47:00+00:00,27269.181640625,27269.3359375,27259.072265625,27261.34765625,3012000
2026-04-24 18:48:00+00:00,27267.041015625,27270.2421875,27266.728515625,27268.931640625,2385000
2026-04-24 18:49:00+00:00,27261.982421875,27270.583984375,27261.982421875,27268.638671875,1116000
2026-04-24 18:50:00+00:00,27261.080078125,27262.55078125,27255.865234375,27259.330078125,3808000
2026-04-24 18:51:00+00:00,27262.564453125,27265.220703125,27260.369140625,27260.369140625,787000
2026-04-24 18:52:00+00:00,27267.357421875,27269.87890625,27263.794921875,27263.794921875,2036000
2026-04-24 18:53:00+00:00,27269.494140625,27271.404296875,27265.20703125,27267.1328125,1830000
2026-04-24 18:54:00+00:00,27264.798828125,27269.734375,27264.599609375,27269.734375,1575000
2026-04-24 18:55:00+00:00,27267.912109375,27270.3984375,27265.1796875,27265.1796875,1717000
2026-04-24 18:56:00+00:00,27266.33984375,27268.5390625,27263.4375,27268.5390625,2284000
2026-04-24 18:57:00+00:00,27263.12890625,27266.064453125,27262.875,27266.064453125,2252000
2026-04-24 18:58:00+00:00,27268.73828125,27268.912109375,27262.919921875,27263.8046875,823000
2026-04-24 18:59:00+00:00,27269.873046875,27270.443359375,27267.2109375,27269.146484375,3009000
2026-04-24 19:00:00+00:00,27278.15234375,27281.29296875,27271.1875,27271.1875,1320000
2026-04-24 19:01:00+00:00,27280.029296875,27281.94140625,27278.55078125,27279.916015625,2245000
2026-04-24 19:02:00+00:00,27282.16015625,27286.384765625,27279.62890625,27279.62890625,2066000
2026-04-24 19:03:00+00:00,27275.142578125,27282.673828125,27274.3046875,27282.673828125,3287000
2026-04-24 19:04:00+00:00,27274.1953125,27277.38671875,27273.810546875,27274.642578125,3294000
2026-04-24 19:05:00+00:00,27271.859375,27277.302734375,27271.859375,27274.46875,884000
2026-04-24 19:06:00+00:00,27275.697265625,27277.5,27271.216796875,27272.85546875,3472000
2026-04-24 19:07:00+00:00,27274.765625,27278.384765625,27274.2421875,27276.10546875,835000
2026-04-24 19:08:00+00:00,27286.859375,27288.1484375,27280.30859375,27280.30859375,2745000
2026-04-24 19:09:00+00:00,27293.607421875,27293.607421875,27286.228515625,27286.7890625,4549000
2026-04-24 19:10:00+00:00,27294.841796875,27296.759765625,27292.4375,27293.9140625,1023000
2026-04-24 19:11:00+00:00,27298.224609375,27298.4765625,27293.904296875,27295.357421875,3203000
2026-04-24 19:12:00+00:00,27300.7265625,27300.7265625,27295.51171875,27297.701171875,1230000
2026-04-24 19:13:00+00:00,27302.875,27305.04296875,27298.384765625,27304.115234375,2408000
2026-04-24 19:14:00+00:00,27303.42578125,27303.95703125,27299.63671875,27302.37109375,2150000
2026-04-24 19:15:00+00:00,27312.47265625,27312.47265625,27303.2734375,27303.2734375,2123000
2026-04-24 19:16:00+00:00,27310.1328125,27313.080078125,27307.197265625,27313.080078125,3312000
2026-04-24 19:17:00+00:00,27311.88671875,27314.20703125,27309.73046875,27310.8359375,1194000
2026-04-24 19:18:00+00:00,27309.087890625,27313.708984375,27305.494140625,27312.78125,2467000
2026-04-24 19:19:00+00:00,27312.046875,27312.046875,27309.90234375,27309.90234375,2027000
2026-04-24 19:20:00+00:00,27308.203125,27312.130859375,27306.296875,27312.130859375,2652000
2026-04-24 19:21:00+00:00,27302.251953125,27308.650390625,27300.806640625,27307.412109375,3397000
2026-04-24 19:22:00+00:00,27299.95703125,27303.39453125,27299.880859375,27301.255859375,898000
2026-04-24 19:23:00+00:00,27299.822265625,27301.58984375,27297.291015625,27300.37109375,3284000
2026-04-24 19:24:00+00:00,27292.513671875,27299.337890625,27291.19921875,27299.337890625,1238000
2026-04-24 19:25:00+00:00,27287.4296875,27295.328125,27287.4296875,27292.736328125,2209000
2026-04-24 19:26:00+00:00,27282.884765625,27286.0625,27281.01171875,27285.552734375,2048000
2026-04-24 19:27:00+00:00,27283.533203125,27284.447265625,27278.978515625,27281.44921875,2027000
2026-04-24 19:28:00+00:00,27284.224609375,27285.3671875,27280.65234375,27283.572265625,3443000
2026-04-24 19:29:00+00:00,27284.52734375,27285.849609375,27283.060546875,27283.060546875,1142000
2026-04-24 19:30:00+00:00,27276.169921875,27282.9609375,27272.4921875,27282.9609375,4166000
2026-04-24 19:31:00+00:00,27276.228515625,27278.822265625,27269.3203125,27278.822265625,1752000
2026-04-24 19:32:00+00:00,27276.62109375,27283.001953125,27275.9921875,27275.9921875,3289000
2026-04-24 19:33:00+00:00,27284.40234375,27286.078125,27275.6875,27275.826171875,3147000
2026-04-24 19:34:00+00:00,27283.125,27285.8125,27282.044921875,27285.376953125,2592000
2026-04-24 19:35:00+00:00,27271.283203125,27283.037109375,27271.283203125,27283.037109375,2717000
2026-04-24 19:36:00+00:00,27272.962890625,27276.7734375,27268.107421875,27271.337890625,3124000
2026-04-24 19:37:00+00:00,27271.607421875,27276.599609375,27268.375,27273.46875,3936000
2026-04-24 19:38:00+00:00,27267.53125,27273.951171875,27266.259765625,27273.482421875,1290000
2026-04-24 19:39:00+00:00,27274.8203125,27274.8203125,27267.021484375,27267.021484375,4241000
2026-04-24 19:40:00+00:00,27278.951171875,27279.59765625,27269.41796875,27272.724609375,1395000
2026-04-24 19:41:00+00:00,27278.595703125,27284.578125,27275.83984375,27279.455078125,2985000
2026-04-24 19:42:00+00:00,27279.208984375,27281.205078125,27277.765625,27278.58203125,2845000
2026-04-24 19:43:00+00:00,27278.3046875,27281.310546875,27277.765625,27280.34375,2674000
2026-04-24 19:44:00+00:00,27279.34375,27281.833984375,27277.8046875,27277.8046875,4008000
2026-04-24 19:45:00+00:00,27275.810546875,27280.15234375,27274.60546875,27274.806640625,2038000
2026-04-24 19:46:00+00:00,27273.6640625,27276.8828125,27272.26953125,27275.615234375,3001000
2026-04-24 19:47:00+00:00,27276.12890625,27276.12890625,27271.365234375,27272.84765625,3637000
2026-04-24 19:48:00+00:00,27279.900390625,27280.0625,27272.9140625,27277.2890625,4571000
2026-04-24 19:49:00+00:00,27281.505859375,27281.505859375,27276.453125,27278.30859375,5113000
2026-04-24 19:50:00+00:00,27279.943359375,27290.021484375,27279.943359375,27285.146484375,3512000
2026-04-24 19:51:00+00:00,27274.38671875,27279.185546875,27273.642578125,27277.17578125,9004000
2026-04-24 19:52:00+00:00,27275.43359375,27283.0078125,27274.271484375,27274.271484375,2833000
2026-04-24 19:53:00+00:00,27290.478515625,27292.138671875,27275.552734375,27275.771484375,5335000
2026-04-24 19:54:00+00:00,27304.99609375,27304.99609375,27291.109375,27292.6171875,7294000
2026-04-24 19:55:00+00:00,27297.943359375,27309.8359375,27294.8046875,27306.669921875,8453000
2026-04-24 19:56:00+00:00,27298.6953125,27302.13671875,27296.576171875,27298.302734375,10907000
2026-04-24 19:57:00+00:00,27305.650390625,27305.650390625,27296.708984375,27296.708984375,3744000
2026-04-24 19:58:00+00:00,27302.23828125,27308.3671875,27302.23828125,27304.072265625,11345000
2026-04-24 19:59:00+00:00,27298.95703125,27302.138671875,27293.880859375,27301.1953125,4062000
2026-04-27 13:30:00+00:00,27249.146484375,27272.091796875,27246.880859375,27272.091796875,0
2026-04-27 13:31:00+00:00,27250.466796875,27252.421875,27231.6640625,27239.73046875,7420265
2026-04-27 13:32:00+00:00,27261.3515625,27261.3515625,27240.2421875,27249.38671875,11158499
2026-04-27 13:33:00+00:00,27237.29296875,27254.7109375,27237.29296875,27254.7109375,10202327
2026-04-27 13:34:00+00:00,27240.541015625,27242.02734375,27234.26953125,27240.619140625,9994494
2026-04-27 13:35:00+00:00,27240.396484375,27242.650390625,27229.6171875,27239.755859375,10865738
2026-04-27 13:36:00+00:00,27251.416015625,27251.416015625,27224.599609375,27231.259765625,7783407
2026-04-27 13:37:00+00:00,27269.0859375,27272.705078125,27263.216796875,27263.216796875,6914312
2026-04-27 13:38:00+00:00,27261.892578125,27275.375,27256.94921875,27266.91015625,6875533
2026-04-27 13:39:00+00:00,27256.029296875,27268.984375,27252.634765625,27268.984375,6551940
2026-04-27 13:40:00+00:00,27242.912109375,27264.212890625,27239.435546875,27253.07421875,6032157
2026-04-27 13:41:00+00:00,27257.001953125,27257.001953125,27241.140625,27249.794921875,6099008
2026-04-27 13:42:00+00:00,27231.01953125,27250.0390625,27231.01953125,27250.0390625,5398444
2026-04-27 13:43:00+00:00,27236.439453125,27236.439453125,27226.9921875,27235.486328125,6018770
2026-04-27 13:44:00+00:00,27250.73828125,27258.1484375,27244.896484375,27245.43359375,6806321
2026-04-27 13:45:00+00:00,27221.7109375,27248.59375,27221.7109375,27246.02734375,6324478
2026-04-27 13:46:00+00:00,27229.83984375,27232.1171875,27218.771484375,27224.6875,6376713
2026-04-27 13:47:00+00:00,27206.96875,27228.09375,27189.818359375,27228.09375,6389370
2026-04-27 13:48:00+00:00,27228.2734375,27228.2734375,27210.0078125,27210.0078125,5579561
2026-04-27 13:49:00+00:00,27210.599609375,27235.314453125,27210.599609375,27235.314453125,5964991
2026-04-27 13:50:00+00:00,27181.4140625,27211.1171875,27178.56640625,27211.1171875,6347550
2026-04-27 13:51:00+00:00,27166.150390625,27182.990234375,27163.810546875,27182.990234375,6582906
2026-04-27 13:52:00+00:00,27173.515625,27173.515625,27161.197265625,27166.326171875,6181248
2026-04-27 13:53:00+00:00,27206.36328125,27210.70703125,27186.779296875,27186.779296875,6246483
2026-04-27 13:54:00+00:00,27238.943359375,27240.189453125,27202.224609375,27202.224609375,4847120
2026-04-27 13:55:00+00:00,27245.994140625,27258.603515625,27245.994140625,27246.587890625,5716969
2026-04-27 13:56:00+00:00,27250.564453125,27257.23828125,27238.443359375,27248.796875,4605896
2026-04-27 13:57:00+00:00,27260.22265625,27263.57421875,27255.310546875,27257.4140625,4877558
2026-04-27 13:58:00+00:00,27269.169921875,27272.45703125,27262.556640625,27262.556640625,4370815
2026-04-27 13:59:00+00:00,27270.30859375,27278.2734375,27268.615234375,27268.615234375,4589686
2026-04-27 14:00:00+00:00,27261.05859375,27266.333984375,27255.90234375,27266.333984375,7129657
2026-04-27 14:01:00+00:00,27273.76953125,27273.76953125,27260.2890625,27261.853515625,4535503
2026-04-27 14:02:00+00:00,27246.5,27259.443359375,27246.5,27257.86328125,5059354
2026-04-27 14:03:00+00:00,27262.900390625,27262.900390625,27248.458984375,27248.458984375,4340864
2026-04-27 14:04:00+00:00,27250.509765625,27267.927734375,27250.041015625,27262.240234375,3833089
2026-04-27 14:05:00+00:00,27238.841796875,27247.630859375,27234.79296875,27247.630859375,4831831
2026-04-27 14:06:00+00:00,27263.212890625,27266.203125,27252.1015625,27256.927734375,3723377
2026-04-27 14:07:00+00:00,27246.84765625,27256.51953125,27239.73828125,27254.9140625,3226189
2026-04-27 14:08:00+00:00,27246.54296875,27254.966796875,27246.54296875,27251.5859375,3150606
2026-04-27 14:09:00+00:00,27231.0546875,27243.796875,27231.0546875,27241.033203125,2943541
2026-04-27 14:10:00+00:00,27213.01171875,27232.55859375,27212.568359375,27232.55859375,4492214
2026-04-27 14:11:00+00:00,27232.203125,27232.203125,27212.861328125,27212.861328125,3756992
2026-04-27 14:12:00+00:00,27242.658203125,27250.626953125,27236.884765625,27236.884765625,3663042
2026-04-27 14:13:00+00:00,27249.52734375,27249.52734375,27240.13671875,27246.30078125,3412064
2026-04-27 14:14:00+00:00,27252.423828125,27256.439453125,27244.353515625,27249.1484375,2910513
2026-04-27 14:15:00+00:00,27232.44921875,27256.54296875,27232.44921875,27255.3046875,3638382
2026-04-27 14:16:00+00:00,27227.8203125,27233.802734375,27226.169921875,27232.615234375,3307812
2026-04-27 14:17:00+00:00,27221.3515625,27235.11328125,27221.3515625,27229.9921875,3458489
2026-04-27 14:18:00+00:00,27222.78515625,27223.52734375,27220.296875,27220.703125,3455839
2026-04-27 14:19:00+00:00,27224.099609375,27235.13671875,27224.099609375,27227.822265625,3845078
2026-04-27 14:20:00+00:00,27222.173828125,27227.837890625,27222.173828125,27224.130859375,3497640
2026-04-27 14:21:00+00:00,27231.96875,27237.70703125,27227.775390625,27228.763671875,3043113
2026-04-27 14:22:00+00:00,27232.3125,27232.3125,27224.19921875,27231.375,2514310
2026-04-27 14:23:00+00:00,27226.9375,27234.046875,27226.9375,27228.34375,2816902
2026-04-27 14:24:00+00:00,27234.0546875,27234.71875,27220.87109375,27222.88671875,2644309
2026-04-27 14:25:00+00:00,27236.115234375,27242.931640625,27235.091796875,27235.091796875,3062742
2026-04-27 14:26:00+00:00,27222.537109375,27242.9609375,27222.537109375,27236.720703125,3578135
2026-04-27 14:27:00+00:00,27223.015625,27227.041015625,27220.896484375,27227.037109375,3109289
2026-04-27 14:28:00+00:00,27224.73828125,27233.86328125,27222.5859375,27223.57421875,3467652
2026-04-27 14:29:00+00:00,27223.68359375,27228.494140625,27219.515625,27228.494140625,2980248
2026-04-27 14:30:00+00:00,27199.859375,27221.162109375,27199.859375,27221.162109375,3912337
2026-04-27 14:31:00+00:00,27193.04296875,27206.2265625,27186.953125,27198.234375,4228452
2026-04-27 14:32:00+00:00,27187.24609375,27191.341796875,27182.642578125,27191.341796875,3823032
2026-04-27 14:33:00+00:00,27200.34375,27209.564453125,27185.505859375,27185.505859375,3938000
2026-04-27 14:34:00+00:00,27216.71875,27216.71875,27196.86328125,27204.490234375,3300192
2026-04-27 14:35:00+00:00,27218.94921875,27224.93359375,27216.072265625,27216.966796875,3595408
2026-04-27 14:36:00+00:00,27252.39453125,27260.357421875,27249.416015625,27254.716796875,4808124
2026-04-27 14:37:00+00:00,27241.783203125,27253.107421875,27239.83203125,27252.240234375,3228139
2026-04-27 14:38:00+00:00,27234.880859375,27243.7734375,27232.66015625,27242.556640625,2679160
2026-04-27 14:39:00+00:00,27237.681640625,27237.681640625,27227.955078125,27233.130859375,2617077
2026-04-27 14:40:00+00:00,27233.404296875,27246.185546875,27233.404296875,27241.890625,2956563
2026-04-27 14:41:00+00:00,27223.4609375,27233.42578125,27223.4609375,27233.02734375,2385016
2026-04-27 14:42:00+00:00,27224.14453125,27231.875,27223.669921875,27223.669921875,2145039
2026-04-27 14:43:00+00:00,27227.18359375,27227.18359375,27219.927734375,27224.060546875,1938171
2026-04-27 14:44:00+00:00,27243.89453125,27246.544921875,27229.59375,27229.59375,2375217
2026-04-27 14:45:00+00:00,27220.404296875,27241.662109375,27220.404296875,27241.662109375,2500178
2026-04-27 14:46:00+00:00,27228.619140625,27228.619140625,27216.205078125,27224.41796875,2562860
2026-04-27 14:47:00+00:00,27230.5625,27231.75,27225.484375,27226.236328125,2365756
2026-04-27 14:48:00+00:00,27234.404296875,27240.212890625,27233.6328125,27233.6328125,2010401
2026-04-27 14:49:00+00:00,27237.33203125,27237.494140625,27229.205078125,27231.423828125,2189346
2026-04-27 14:50:00+00:00,27240.236328125,27247.248046875,27235.333984375,27235.333984375,2187564
2026-04-27 14:51:00+00:00,27242.404296875,27251.548828125,27239.0078125,27239.0078125,2497557
2026-04-27 14:52:00+00:00,27220.82421875,27236.453125,27218.474609375,27236.453125,2722721
2026-04-27 14:53:00+00:00,27218.431640625,27230.44921875,27218.26171875,27222.986328125,2811322
2026-04-27 14:54:00+00:00,27219.76171875,27219.76171875,27210.3984375,27215.423828125,2231259
2026-04-27 14:55:00+00:00,27224.83203125,27226.9296875,27220.53515625,27223.47265625,2334889
2026-04-27 14:56:00+00:00,27221.72265625,27223.0,27210.67578125,27221.6796875,2280017
2026-04-27 14:57:00+00:00,27231.439453125,27234.908203125,27219.095703125,27219.095703125,2643581
2026-04-27 14:58:00+00:00,27229.833984375,27235.90625,27229.73828125,27234.705078125,1939257
2026-04-27 14:59:00+00:00,27231.015625,27231.015625,27223.462890625,27223.462890625,2040569
2026-04-27 15:00:00+00:00,27236.39453125,27239.259765625,27233.63671875,27233.63671875,2249075
2026-04-27 15:01:00+00:00,27228.80078125,27236.029296875,27228.80078125,27233.384765625,1997836
2026-04-27 15:02:00+00:00,27219.564453125,27226.7890625,27214.2890625,27226.7890625,2335633
2026-04-27 15:03:00+00:00,27200.583984375,27224.37109375,27199.517578125,27220.0703125,1857932
2026-04-27 15:04:00+00:00,27198.8515625,27204.380859375,27198.8515625,27201.7265625,2801494
2026-04-27 15:05:00+00:00,27210.58984375,27210.58984375,27194.513671875,27198.392578125,2607400
2026-04-27 15:06:00+00:00,27210.40234375,27215.51953125,27206.033203125,27208.576171875,2507517
2026-04-27 15:07:00+00:00,27208.716796875,27210.345703125,27200.6171875,27209.177734375,2577683
2026-04-27 15:08:00+00:00,27224.001953125,27224.654296875,27216.73828125,27218.767578125,2831841
2026-04-27 15:09:00+00:00,27221.2265625,27229.515625,27221.2265625,27225.462890625,2684251
2026-04-27 15:10:00+00:00,27222.31640625,27227.7265625,27218.919921875,27218.919921875,1950303
2026-04-27 15:11:00+00:00,27217.83203125,27221.892578125,27210.255859375,27221.892578125,2245907
2026-04-27 15:12:00+00:00,27208.66796875,27221.6796875,27208.66796875,27217.310546875,1782186
2026-04-27 15:13:00+00:00,27206.486328125,27211.759765625,27206.17578125,27210.296875,1947384
2026-04-27 15:14:00+00:00,27202.267578125,27205.57421875,27200.33203125,27205.57421875,1919133
2026-04-27 15:15:00+00:00,27209.53125,27210.73828125,27198.486328125,27201.828125,2337636
2026-04-27 15:16:00+00:00,27214.029296875,27216.298828125,27206.955078125,27209.66015625,1961901
2026-04-27 15:17:00+00:00,27207.025390625,27218.861328125,27207.025390625,27214.01171875,2346726
2026-04-27 15:18:00+00:00,27200.814453125,27213.583984375,27200.013671875,27208.689453125,1806576
2026-04-27 15:19:00+00:00,27198.048828125,27205.654296875,27198.048828125,27201.86328125,1873120
2026-04-27 15:20:00+00:00,27202.12109375,27203.337890625,27201.640625,27201.73828125,1838838
2026-04-27 15:21:00+00:00,27185.048828125,27201.94921875,27185.048828125,27199.783203125,1818264
2026-04-27 15:22:00+00:00,27181.73046875,27184.134765625,27173.12890625,27181.1875,2827504
2026-04-27 15:23:00+00:00,27184.71484375,27184.71484375,27176.373046875,27178.015625,2258769
2026-04-27 15:24:00+00:00,27182.70703125,27187.427734375,27181.666015625,27187.427734375,2123736
2026-04-27 15:25:00+00:00,27182.009765625,27184.62890625,27175.9453125,27184.62890625,2373331
2026-04-27 15:26:00+00:00,27190.310546875,27191.859375,27180.884765625,27180.884765625,2043455
2026-04-27 15:27:00+00:00,27198.9296875,27198.9296875,27191.853515625,27191.853515625,1837037
2026-04-27 15:28:00+00:00,27201.46484375,27203.05859375,27198.755859375,27201.134765625,1813720
2026-04-27 15:29:00+00:00,27205.83984375,27206.509765625,27198.55078125,27199.92578125,1748276
2026-04-27 15:30:00+00:00,27221.40234375,27221.40234375,27206.15234375,27206.15234375,1988163
2026-04-27 15:31:00+00:00,27214.861328125,27219.25,27212.681640625,27219.25,2423127
2026-04-27 15:32:00+00:00,27203.9375,27214.869140625,27201.814453125,27214.869140625,1961503
2026-04-27 15:33:00+00:00,27204.693359375,27210.79296875,27202.66796875,27206.599609375,1899664
2026-04-27 15:34:00+00:00,27216.630859375,27217.814453125,27209.48046875,27209.818359375,2590133
2026-04-27 15:35:00+00:00,27212.302734375,27217.72265625,27209.720703125,27214.71484375,2244399
2026-04-27 15:36:00+00:00,27215.14453125,27218.779296875,27213.2265625,27213.791015625,2066464
2026-04-27 15:37:00+00:00,27215.58203125,27216.38671875,27211.349609375,27211.349609375,2278993
2026-04-27 15:38:00+00:00,27217.884765625,27220.6171875,27213.298828125,27216.33203125,1622038
2026-04-27 15:39:00+00:00,27224.34765625,27225.47265625,27217.7578125,27217.845703125,1870779
2026-04-27 15:40:00+00:00,27221.72265625,27225.484375,27220.732421875,27224.697265625,1916190
2026-04-27 15:41:00+00:00,27230.712890625,27233.0234375,27224.572265625,27224.572265625,1918021
2026-04-27 15:42:00+00:00,27239.21484375,27245.3515625,27231.744140625,27232.189453125,2083138
2026-04-27 15:43:00+00:00,27237.150390625,27237.9453125,27234.017578125,27237.9453125,2649927
2026-04-27 15:44:00+00:00,27235.8046875,27237.466796875,27234.546875,27235.71484375,1889222
2026-04-27 15:45:00+00:00,27227.880859375,27235.765625,27227.880859375,27234.837890625,2124610
2026-04-27 15:46:00+00:00,27227.693359375,27227.693359375,27223.822265625,27223.822265625,1930073
2026-04-27 15:47:00+00:00,27235.9921875,27237.275390625,27230.91796875,27230.91796875,2062104
2026-04-27 15:48:00+00:00,27241.0234375,27242.33984375,27235.4296875,27239.453125,2412618
2026-04-27 15:49:00+00:00,27228.068359375,27239.18359375,27227.544921875,27239.18359375,2312838
2026-04-27 15:50:00+00:00,27228.892578125,27228.892578125,27224.21484375,27226.67578125,1799457
2026-04-27 15:51:00+00:00,27234.689453125,27234.689453125,27228.57421875,27228.57421875,1673934
2026-04-27 15:52:00+00:00,27225.0546875,27232.291015625,27221.880859375,27232.291015625,1654146
2026-04-27 15:53:00+00:00,27225.33984375,27227.126953125,27222.826171875,27227.126953125,2022004
2026-04-27 15:54:00+00:00,27218.8359375,27223.615234375,27213.044921875,27223.615234375,1980744
2026-04-27 15:55:00+00:00,27220.30859375,27222.03125,27217.671875,27222.00390625,1566201
2026-04-27 15:56:00+00:00,27223.470703125,27224.150390625,27219.69921875,27222.0234375,1598366
2026-04-27 15:57:00+00:00,27219.244140625,27219.99609375,27216.083984375,27219.99609375,1561653
2026-04-27 15:58:00+00:00,27218.9453125,27224.853515625,27218.9453125,27220.525390625,1379881
2026-04-27 15:59:00+00:00,27226.146484375,27231.912109375,27217.724609375,27217.724609375,1846987
2026-04-27 16:00:00+00:00,27233.4921875,27239.0,27233.380859375,27233.69921875,3277388
2026-04-27 16:01:00+00:00,27222.626953125,27231.26953125,27219.576171875,27231.26953125,2680514
2026-04-27 16:02:00+00:00,27212.69921875,27224.923828125,27212.69921875,27223.095703125,1984937
2026-04-27 16:03:00+00:00,27214.423828125,27217.845703125,27213.822265625,27215.189453125,2623924
2026-04-27 16:04:00+00:00,27223.791015625,27224.904296875,27215.380859375,27215.380859375,1083505
2026-04-27 16:05:00+00:00,27223.328125,27225.572265625,27222.8203125,27223.30859375,1702127
2026-04-27 16:06:00+00:00,27228.634765625,27232.7421875,27223.921875,27223.921875,1726965
2026-04-27 16:07:00+00:00,27227.662109375,27229.810546875,27226.609375,27229.435546875,2359270
2026-04-27 16:08:00+00:00,27237.5234375,27239.037109375,27228.16015625,27228.16015625,3129406
2026-04-27 16:09:00+00:00,27234.66015625,27236.64453125,27233.771484375,27236.125,913482
2026-04-27 16:10:00+00:00,27237.97265625,27239.146484375,27232.109375,27235.80859375,2693656
2026-04-27 16:11:00+00:00,27244.392578125,27245.064453125,27235.98046875,27238.21875,804846
2026-04-27 16:12:00+00:00,27242.994140625,27247.19140625,27238.9140625,27244.951171875,2217287
2026-04-27 16:13:00+00:00,27240.08984375,27243.02734375,27239.9921875,27242.861328125,1902192
2026-04-27 16:14:00+00:00,27240.5546875,27240.62109375,27232.796875,27240.3046875,1794511
2026-04-27 16:15:00+00:00,27248.9765625,27249.58984375,27239.2421875,27239.75390625,2868086
2026-04-27 16:16:00+00:00,27250.439453125,27252.291015625,27246.65234375,27246.916015625,986427
2026-04-27 16:17:00+00:00,27247.248046875,27251.333984375,27244.4921875,27251.333984375,2520446
2026-04-27 16:18:00+00:00,27249.8125,27250.693359375,27243.171875,27248.3828125,844057
2026-04-27 16:19:00+00:00,27248.009765625,27252.708984375,27247.75,27249.66796875,1782702
2026-04-27 16:20:00+00:00,27246.158203125,27250.87890625,27242.70703125,27249.640625,1751582
2026-04-27 16:21:00+00:00,27246.7265625,27249.744140625,27244.34765625,27246.25,1610255
2026-04-27 16:22:00+00:00,27247.00390625,27249.099609375,27245.193359375,27246.0234375,1518650
2026-04-27 16:23:00+00:00,27240.705078125,27244.28125,27234.740234375,27244.28125,2034288
2026-04-27 16:24:00+00:00,27236.361328125,27242.41015625,27235.8515625,27239.8046875,2148065
2026-04-27 16:25:00+00:00,27244.251953125,27244.251953125,27236.294921875,27236.294921875,794554
2026-04-27 16:26:00+00:00,27245.84375,27247.314453125,27241.150390625,27244.8671875,2214628
2026-04-27 16:27:00+00:00,27242.541015625,27244.451171875,27240.04296875,27243.90625,565563
2026-04-27 16:28:00+00:00,27239.40234375,27241.68359375,27239.044921875,27241.5,1203212
2026-04-27 16:29:00+00:00,27238.587890625,27238.953125,27235.41796875,27238.63671875,1366464
2026-04-27 16:30:00+00:00,27246.943359375,27246.943359375,27239.033203125,27239.033203125,1531890
2026-04-27 16:31:00+00:00,27245.89453125,27248.046875,27244.060546875,27247.84375,2358988
2026-04-27 16:32:00+00:00,27249.58984375,27249.58984375,27245.330078125,27245.330078125,869715
2026-04-27 16:33:00+00:00,27252.9453125,27256.91015625,27248.9453125,27248.9453125,4325818
2026-04-27 16:34:00+00:00,27255.669921875,27258.361328125,27252.537109375,27253.90625,1546098
2026-04-27 16:35:00+00:00,27261.478515625,27264.11328125,27256.044921875,27256.044921875,2639351
2026-04-27 16:36:00+00:00,27257.421875,27261.173828125,27253.353515625,27261.173828125,3520264
2026-04-27 16:37:00+00:00,27258.658203125,27262.94140625,27257.50390625,27257.50390625,2782499
2026-04-27 16:38:00+00:00,27258.017578125,27260.150390625,27254.466796875,27259.33984375,2071955
2026-04-27 16:39:00+00:00,27263.98046875,27264.208984375,27258.82421875,27258.82421875,2129662
2026-04-27 16:40:00+00:00,27263.662109375,27267.00390625,27261.537109375,27264.07421875,2036991
2026-04-27 16:41:00+00:00,27258.623046875,27268.2734375,27257.623046875,27264.458984375,2255627
2026-04-27 16:42:00+00:00,27269.044921875,27269.77734375,27261.296875,27261.296875,1942674
2026-04-27 16:43:00+00:00,27268.068359375,27270.623046875,27266.701171875,27269.171875,2652008
2026-04-27 16:44:00+00:00,27262.853515625,27268.810546875,27261.845703125,27268.810546875,978780
2026-04-27 16:45:00+00:00,27263.619140625,27265.240234375,27262.03515625,27264.33984375,2682436
2026-04-27 16:46:00+00:00,27264.8203125,27268.177734375,27262.4453125,27262.4453125,869795
2026-04-27 16:47:00+00:00,27264.08984375,27265.78125,27259.150390625,27265.78125,2035992
2026-04-27 16:48:00+00:00,27267.33984375,27267.33984375,27262.693359375,27265.453125,1786301
2026-04-27 16:49:00+00:00,27268.345703125,27269.982421875,27267.5,27269.1640625,1912426
2026-04-27 16:50:00+00:00,27263.892578125,27268.08984375,27262.650390625,27268.08984375,2010953
2026-04-27 16:51:00+00:00,27262.46875,27264.552734375,27259.068359375,27264.552734375,1727730
2026-04-27 16:52:00+00:00,27257.787109375,27265.58984375,27256.02734375,27265.58984375,2518767
2026-04-27 16:53:00+00:00,27262.9765625,27262.9765625,27256.970703125,27256.970703125,1156341
2026-04-27 16:54:00+00:00,27255.873046875,27262.822265625,27255.26953125,27262.76171875,2702456
2026-04-27 16:55:00+00:00,27250.017578125,27254.44921875,27248.83984375,27254.44921875,961396
2026-04-27 16:56:00+00:00,27247.951171875,27252.521484375,27247.951171875,27250.138671875,1695174
2026-04-27 16:57:00+00:00,27241.841796875,27247.6875,27241.541015625,27247.40234375,1568242
2026-04-27 16:58:00+00:00,27252.34765625,27252.9765625,27244.857421875,27244.857421875,1386235
2026-04-27 16:59:00+00:00,27254.96484375,27254.96484375,27251.408203125,27251.892578125,2091294
2026-04-27 17:00:00+00:00,27265.37109375,27266.59765625,27258.416015625,27258.85546875,982791
2026-04-27 17:01:00+00:00,27263.763671875,27266.08984375,27260.94921875,27266.08984375,2780637
2026-04-27 17:02:00+00:00,27264.12109375,27264.125,27260.3203125,27263.125,822901
2026-04-27 17:03:00+00:00,27264.640625,27264.640625,27261.220703125,27263.705078125,1610190
2026-04-27 17:04:00+00:00,27263.87890625,27266.283203125,27262.6171875,27265.60546875,1938613
2026-04-27 17:05:00+00:00,27262.791015625,27264.337890625,27258.880859375,27264.337890625,1581455
2026-04-27 17:06:00+00:00,27268.798828125,27268.798828125,27263.2265625,27263.38671875,1537594
2026-04-27 17:07:00+00:00,27266.90234375,27268.810546875,27266.544921875,27268.76953125,1675852
2026-04-27 17:08:00+00:00,27261.859375,27266.1640625,27261.859375,27265.2578125,2142503
2026-04-27 17:09:00+00:00,27268.375,27268.375,27261.23046875,27262.27734375,947526
2026-04-27 17:10:00+00:00,27262.16015625,27271.04296875,27261.857421875,27268.75390625,2399892
2026-04-27 17:11:00+00:00,27266.904296875,27271.080078125,27262.921875,27262.921875,882805
2026-04-27 17:12:00+00:00,27274.53515625,27276.3203125,27264.35546875,27265.1796875,1921512
2026-04-27 17:13:00+00:00,27274.8828125,27276.173828125,27273.80078125,27275.482421875,1787280
2026-04-27 17:14:00+00:00,27277.744140625,27279.02734375,27274.53125,27275.40625,1902317
2026-04-27 17:15:00+00:00,27275.12890625,27281.45703125,27275.12890625,27278.287109375,3022940
2026-04-27 17:16:00+00:00,27259.474609375,27274.234375,27259.474609375,27274.234375,1425481
2026-04-27 17:17:00+00:00,27256.423828125,27259.53515625,27256.328125,27258.951171875,1911212
2026-04-27 17:18:00+00:00,27248.080078125,27256.4453125,27244.97265625,27255.505859375,1769905
2026-04-27 17:19:00+00:00,27253.587890625,27253.587890625,27245.6171875,27248.177734375,1829011
2026-04-27 17:20:00+00:00,27248.53515625,27254.779296875,27248.53515625,27253.28125,2248051
2026-04-27 17:21:00+00:00,27247.3125,27250.083984375,27244.068359375,27250.083984375,879459
2026-04-27 17:22:00+00:00,27255.15234375,27255.703125,27246.822265625,27246.822265625,2468301
2026-04-27 17:23:00+00:00,27266.560546875,27273.943359375,27255.712890625,27257.41015625,1890214
2026-04-27 17:24:00+00:00,27265.4140625,27267.83984375,27264.15625,27266.650390625,2012093
2026-04-27 17:25:00+00:00,27272.650390625,27273.724609375,27263.8046875,27264.63671875,1502737
2026-04-27 17:26:00+00:00,27276.025390625,27278.908203125,27273.17578125,27273.17578125,1839441
2026-04-27 17:27:00+00:00,27272.671875,27274.322265625,27271.2265625,27274.322265625,2367140
2026-04-27 17:28:00+00:00,27274.775390625,27275.623046875,27271.845703125,27272.595703125,1048167
2026-04-27 17:29:00+00:00,27276.40625,27276.40625,27270.74609375,27272.08203125,2631009
2026-04-27 17:30:00+00:00,27283.439453125,27284.48046875,27275.939453125,27276.02734375,1204036
2026-04-27 17:31:00+00:00,27288.888671875,27288.888671875,27283.80078125,27284.779296875,1810908
2026-04-27 17:32:00+00:00,27289.53125,27290.08984375,27282.35546875,27289.537109375,2641768
2026-04-27 17:33:00+00:00,27297.71484375,27297.71484375,27289.609375,27289.626953125,1214388
2026-04-27 17:34:00+00:00,27301.09765625,27301.259765625,27295.357421875,27297.84765625,1935367
2026-04-27 17:35:00+00:00,27292.3671875,27302.646484375,27292.3671875,27301.24609375,2005929
2026-04-27 17:36:00+00:00,27289.341796875,27291.876953125,27287.216796875,27291.876953125,1922375
2026-04-27 17:37:00+00:00,27290.828125,27294.408203125,27288.208984375,27288.912109375,1511008
2026-04-27 17:38:00+00:00,27289.6953125,27295.640625,27289.6953125,27291.80859375,1781806
2026-04-27 17:39:00+00:00,27284.810546875,27289.93359375,27284.57421875,27289.93359375,2158919
2026-04-27 17:40:00+00:00,27285.677734375,27287.162109375,27283.48046875,27284.59765625,780814
2026-04-27 17:41:00+00:00,27289.271484375,27289.271484375,27285.5703125,27285.88671875,2459462
2026-04-27 17:42:00+00:00,27292.296875,27293.31640625,27288.318359375,27288.3828125,709230
2026-04-27 17:43:00+00:00,27292.126953125,27293.888671875,27291.671875,27291.861328125,1359766
2026-04-27 17:44:00+00:00,27293.904296875,27293.904296875,27290.42578125,27290.42578125,1499021
2026-04-27 17:45:00+00:00,27294.7421875,27295.369140625,27292.619140625,27294.84375,1470575
2026-04-27 17:46:00+00:00,27296.869140625,27296.869140625,27294.259765625,27295.384765625,1931805
2026-04-27 17:47:00+00:00,27298.31640625,27300.171875,27297.611328125,27297.8984375,3665847
2026-04-27 17:48:00+00:00,27296.267578125,27298.89453125,27292.751953125,27298.89453125,2831697
2026-04-27 17:49:00+00:00,27300.736328125,27301.125,27296.046875,27296.751953125,871146
2026-04-27 17:50:00+00:00,27298.23046875,27304.26171875,27298.23046875,27300.634765625,1716007
2026-04-27 17:51:00+00:00,27295.08203125,27297.38671875,27289.98046875,27297.38671875,2539446
2026-04-27 17:52:00+00:00,27294.34375,27296.193359375,27292.5234375,27294.12109375,918530
2026-04-27 17:53:00+00:00,27285.7265625,27294.728515625,27285.18359375,27294.728515625,1466131
2026-04-27 17:54:00+00:00,27288.14453125,27288.806640625,27283.744140625,27285.275390625,1643557
2026-04-27 17:55:00+00:00,27288.107421875,27290.8125,27288.08984375,27289.337890625,1481558
2026-04-27 17:56:00+00:00,27284.748046875,27289.095703125,27284.330078125,27288.634765625,2452364
2026-04-27 17:57:00+00:00,27289.18359375,27290.142578125,27286.033203125,27286.5625,773522
2026-04-27 17:58:00+00:00,27289.37109375,27291.95703125,27287.591796875,27289.0390625,2177182
2026-04-27 17:59:00+00:00,27291.814453125,27292.564453125,27288.775390625,27288.775390625,649005
2026-04-27 18:00:00+00:00,27290.125,27290.240234375,27285.390625,27290.240234375,1785112
2026-04-27 18:01:00+00:00,27283.90234375,27291.029296875,27283.90234375,27290.509765625,1881640
2026-04-27 18:02:00+00:00,27285.244140625,27285.375,27283.041015625,27283.041015625,1933152
2026-04-27 18:03:00+00:00,27286.8125,27286.8125,27283.32421875,27285.3359375,2566009
2026-04-27 18:04:00+00:00,27286.796875,27290.98828125,27286.796875,27287.20703125,847162
2026-04-27 18:05:00+00:00,27290.29296875,27290.29296875,27284.54296875,27287.37890625,2379430
2026-04-27 18:06:00+00:00,27296.66015625,27296.66015625,27289.81640625,27291.212890625,746631
2026-04-27 18:07:00+00:00,27293.74609375,27296.33203125,27292.720703125,27296.33203125,1864371
2026-04-27 18:08:00+00:00,27294.326171875,27296.0078125,27292.048828125,27294.0,1537859
2026-04-27 18:09:00+00:00,27297.390625,27298.232421875,27290.744140625,27294.314453125,1617574
2026-04-27 18:10:00+00:00,27296.80859375,27299.494140625,27294.970703125,27297.423828125,1826767
2026-04-27 18:11:00+00:00,27294.455078125,27300.6015625,27294.455078125,27297.44140625,1588104
2026-04-27 18:12:00+00:00,27295.724609375,27298.142578125,27294.544921875,27295.56640625,2378176
2026-04-27 18:13:00+00:00,27292.587890625,27296.353515625,27290.951171875,27296.353515625,803380
2026-04-27 18:14:00+00:00,27294.62109375,27296.603515625,27292.20703125,27292.20703125,1859233
2026-04-27 18:15:00+00:00,27294.404296875,27298.62890625,27294.404296875,27294.93359375,733469
2026-04-27 18:16:00+00:00,27297.603515625,27297.603515625,27293.87890625,27294.427734375,1330208
2026-04-27 18:17:00+00:00,27298.5859375,27300.0,27297.076171875,27298.189453125,1422594
2026-04-27 18:18:00+00:00,27295.369140625,27299.279296875,27293.60546875,27298.455078125,1806184
2026-04-27 18:19:00+00:00,27296.71875,27301.228515625,27294.96484375,27295.48828125,2577883
2026-04-27 18:20:00+00:00,27295.322265625,27296.341796875,27293.0390625,27296.341796875,801976
2026-04-27 18:21:00+00:00,27295.955078125,27297.966796875,27293.34375,27293.998046875,2583953
2026-04-27 18:22:00+00:00,27296.654296875,27298.767578125,27295.1953125,27295.1953125,674546
2026-04-27 18:23:00+00:00,27298.728515625,27298.728515625,27296.201171875,27296.275390625,1890811
2026-04-27 18:24:00+00:00,27298.013671875,27299.5390625,27293.015625,27298.671875,1561921
2026-04-27 18:25:00+00:00,27291.71875,27296.900390625,27290.92578125,27296.900390625,1625183
2026-04-27 18:26:00+00:00,27291.841796875,27292.365234375,27289.701171875,27291.115234375,1614889
2026-04-27 18:27:00+00:00,27294.951171875,27296.75390625,27292.8671875,27292.8671875,1798842
2026-04-27 18:28:00+00:00,27289.28125,27293.435546875,27286.326171875,27293.435546875,2843705
2026-04-27 18:29:00+00:00,27292.01171875,27292.2109375,27286.767578125,27288.177734375,927609
2026-04-27 18:30:00+00:00,27294.080078125,27298.54296875,27291.919921875,27293.7109375,1807153
2026-04-27 18:31:00+00:00,27290.966796875,27294.521484375,27290.966796875,27294.521484375,2424426
2026-04-27 18:32:00+00:00,27293.203125,27295.515625,27290.291015625,27291.33984375,759091
2026-04-27 18:33:00+00:00,27296.255859375,27296.89453125,27293.404296875,27293.404296875,2620511
2026-04-27 18:34:00+00:00,27288.373046875,27296.658203125,27287.6953125,27296.333984375,1004110
2026-04-27 18:35:00+00:00,27287.521484375,27289.720703125,27286.048828125,27288.5625,1759816
2026-04-27 18:36:00+00:00,27288.140625,27291.9453125,27287.65234375,27288.39453125,1593657
2026-04-27 18:37:00+00:00,27290.4921875,27290.4921875,27287.470703125,27288.11328125,1571272
2026-04-27 18:38:00+00:00,27285.8203125,27291.263671875,27285.765625,27290.134765625,1558306
2026-04-27 18:39:00+00:00,27285.669921875,27289.48046875,27285.1171875,27287.15234375,1951175
2026-04-27 18:40:00+00:00,27279.80078125,27287.181640625,27279.80078125,27285.625,2512937
2026-04-27 18:41:00+00:00,27277.369140625,27281.41015625,27277.369140625,27280.27734375,870496
2026-04-27 18:42:00+00:00,27279.404296875,27280.560546875,27277.701171875,27277.736328125,2542596
2026-04-27 18:43:00+00:00,27275.529296875,27281.583984375,27275.1328125,27279.43359375,911683
2026-04-27 18:44:00+00:00,27275.23046875,27278.755859375,27272.568359375,27276.451171875,1808516
2026-04-27 18:45:00+00:00,27265.388671875,27275.328125,27261.83203125,27275.197265625,1983692
2026-04-27 18:46:00+00:00,27273.265625,27273.265625,27266.212890625,27266.212890625,2122388
2026-04-27 18:47:00+00:00,27270.046875,27273.208984375,27269.52734375,27272.798828125,2220540
2026-04-27 18:48:00+00:00,27270.912109375,27271.58203125,27269.240234375,27271.404296875,688698
2026-04-27 18:49:00+00:00,27270.392578125,27271.64453125,27267.263671875,27271.50390625,2379957
2026-04-27 18:50:00+00:00,27272.248046875,27272.248046875,27269.134765625,27269.134765625,670598
2026-04-27 18:51:00+00:00,27271.919921875,27275.5390625,27271.662109375,27272.982421875,1409533
2026-04-27 18:52:00+00:00,27271.716796875,27272.94921875,27269.806640625,27272.537109375,1192384
2026-04-27 18:53:00+00:00,27260.033203125,27267.486328125,27259.322265625,27267.486328125,1542821
2026-04-27 18:54:00+00:00,27257.93359375,27260.951171875,27256.58203125,27260.08984375,1549352
2026-04-27 18:55:00+00:00,27263.521484375,27264.08203125,27257.30859375,27257.30859375,2055352
2026-04-27 18:56:00+00:00,27265.5625,27270.185546875,27263.0234375,27263.33984375,2954556
2026-04-27 18:57:00+00:00,27265.544921875,27266.66015625,27264.087890625,27265.845703125,747681
2026-04-27 18:58:00+00:00,27270.14453125,27270.14453125,27263.767578125,27264.046875,2254648
2026-04-27 18:59:00+00:00,27266.162109375,27272.802734375,27266.162109375,27271.21875,895688
2026-04-27 19:00:00+00:00,27267.837890625,27268.826171875,27263.384765625,27263.384765625,2005304
2026-04-27 19:01:00+00:00,27269.59765625,27271.095703125,27268.26171875,27268.26171875,1657690
2026-04-27 19:02:00+00:00,27260.572265625,27270.59375,27260.572265625,27270.47265625,1976707
2026-04-27 19:03:00+00:00,27262.33984375,27262.33984375,27257.314453125,27260.283203125,3097003
2026-04-27 19:04:00+00:00,27264.72265625,27265.06640625,27260.517578125,27262.208984375,920075
2026-04-27 19:05:00+00:00,27263.890625,27267.34765625,27263.890625,27264.974609375,2997352
2026-04-27 19:06:00+00:00,27256.3125,27264.642578125,27254.283203125,27264.642578125,946688
2026-04-27 19:07:00+00:00,27260.02734375,27260.02734375,27256.333984375,27256.333984375,2322584
2026-04-27 19:08:00+00:00,27265.73828125,27265.73828125,27260.912109375,27260.912109375,2481248
2026-04-27 19:09:00+00:00,27262.203125,27264.697265625,27261.6484375,27264.697265625,1195491
2026-04-27 19:10:00+00:00,27257.8828125,27261.447265625,27257.728515625,27261.447265625,2539983
2026-04-27 19:11:00+00:00,27258.14453125,27260.896484375,27256.91796875,27258.5625,799304
2026-04-27 19:12:00+00:00,27262.55859375,27263.333984375,27258.216796875,27258.216796875,1676502
2026-04-27 19:13:00+00:00,27275.849609375,27275.849609375,27263.75,27263.75,1884167
2026-04-27 19:14:00+00:00,27278.888671875,27278.888671875,27273.810546875,27276.435546875,1997994
2026-04-27 19:15:00+00:00,27280.54296875,27281.0390625,27277.669921875,27278.73046875,3297891
2026-04-27 19:16:00+00:00,27277.505859375,27281.56640625,27276.376953125,27281.56640625,1095450
2026-04-27 19:17:00+00:00,27280.369140625,27282.345703125,27278.279296875,27278.36328125,2729781
2026-04-27 19:18:00+00:00,27281.853515625,27282.787109375,27279.625,27279.826171875,847683
2026-04-27 19:19:00+00:00,27289.15625,27289.37890625,27280.95703125,27281.703125,2039713
2026-04-27 19:20:00+00:00,27285.734375,27288.916015625,27285.458984375,27286.818359375,2390458
2026-04-27 19:21:00+00:00,27283.478515625,27290.435546875,27283.478515625,27286.576171875,2014328
2026-04-27 19:22:00+00:00,27284.728515625,27286.013671875,27280.220703125,27281.978515625,2318833
2026-04-27 19:23:00+00:00,27287.689453125,27288.703125,27283.1875,27284.06640625,2283523
2026-04-27 19:24:00+00:00,27283.984375,27288.275390625,27283.984375,27288.275390625,3304881
2026-04-27 19:25:00+00:00,27281.017578125,27284.767578125,27280.361328125,27282.74609375,1089684
2026-04-27 19:26:00+00:00,27282.072265625,27284.671875,27280.462890625,27280.462890625,2967569
2026-04-27 19:27:00+00:00,27284.619140625,27284.693359375,27282.203125,27282.587890625,710502
2026-04-27 19:28:00+00:00,27290.376953125,27290.376953125,27284.55859375,27284.55859375,2126383
2026-04-27 19:29:00+00:00,27283.5625,27290.56640625,27283.5625,27290.1640625,2480830
2026-04-27 19:30:00+00:00,27287.01171875,27287.01171875,27283.91796875,27284.541015625,2959161
2026-04-27 19:31:00+00:00,27295.388671875,27295.388671875,27286.341796875,27286.60546875,4013414
2026-04-27 19:32:00+00:00,27296.666015625,27297.046875,27294.365234375,27295.794921875,1296981
2026-04-27 19:33:00+00:00,27294.53515625,27298.51953125,27292.970703125,27297.388671875,3801402
2026-04-27 19:34:00+00:00,27289.203125,27294.095703125,27288.947265625,27293.666015625,1300633
2026-04-27 19:35:00+00:00,27291.55859375,27296.1875,27290.10546875,27290.87109375,2984004
2026-04-27 19:36:00+00:00,27282.955078125,27292.736328125,27282.955078125,27291.986328125,2476339
2026-04-27 19:37:00+00:00,27276.80078125,27282.447265625,27275.52734375,27282.123046875,2672015
2026-04-27 19:38:00+00:00,27282.23046875,27282.4921875,27276.4296875,27276.55859375,2579251
2026-04-27 19:39:00+00:00,27289.34765625,27289.34765625,27281.85546875,27281.85546875,2235112
2026-04-27 19:40:00+00:00,27290.095703125,27292.0234375,27289.06640625,27289.783203125,3691165
2026-04-27 19:41:00+00:00,27283.65234375,27290.041015625,27280.9375,27290.041015625,1299291
2026-04-27 19:42:00+00:00,27285.29296875,27285.994140625,27280.712890625,27284.3203125,2318274
2026-04-27 19:43:00+00:00,27285.46484375,27285.46484375,27281.884765625,27284.236328125,2363233
2026-04-27 19:44:00+00:00,27292.958984375,27292.958984375,27285.283203125,27285.283203125,2342830
2026-04-27 19:45:00+00:00,27300.3203125,27304.5078125,27293.193359375,27293.830078125,3089443
2026-04-27 19:46:00+00:00,27300.32421875,27300.748046875,27296.291015625,27299.86328125,2946418
2026-04-27 19:47:00+00:00,27302.5,27303.37890625,27298.466796875,27298.466796875,3040000
2026-04-27 19:48:00+00:00,27304.375,27305.27734375,27302.740234375,27302.740234375,4850000
2026-04-27 19:49:00+00:00,27306.896484375,27308.25390625,27303.939453125,27305.26953125,1866000
2026-04-27 19:50:00+00:00,27307.537109375,27308.080078125,27302.083984375,27308.080078125,7441000
2026-04-27 19:51:00+00:00,27313.431640625,27315.232421875,27305.609375,27306.20703125,2059000
2026-04-27 19:52:00+00:00,27305.8828125,27314.94921875,27305.791015625,27313.337890625,4871000
2026-04-27 19:53:00+00:00,27304.26953125,27306.361328125,27303.662109375,27304.533203125,5099000
2026-04-27 19:54:00+00:00,27301.833984375,27305.017578125,27300.072265625,27301.482421875,4696000
2026-04-27 19:55:00+00:00,27302.74609375,27304.05859375,27294.71484375,27299.85546875,9402000
2026-04-27 19:56:00+00:00,27301.36328125,27303.658203125,27299.818359375,27301.83984375,3184000
2026-04-27 19:57:00+00:00,27307.029296875,27308.349609375,27299.29296875,27299.990234375,9457000
2026-04-27 19:58:00+00:00,27308.15625,27311.60546875,27304.0625,27304.0625,2989000
2026-04-27 19:59:00+00:00,27302.69140625,27306.587890625,27300.91015625,27305.287109375,5886000
2026-04-28 13:30:00+00:00,26953.91015625,26975.228515625,26953.91015625,26975.228515625,0
2026-04-28 13:31:00+00:00,26957.158203125,26967.47265625,26948.21875,26956.0546875,12512481
2026-04-28 13:32:00+00:00,27005.8515625,27005.8515625,26957.02734375,26957.02734375,10603488
2026-04-28 13:33:00+00:00,27003.259765625,27012.767578125,26996.33984375,27007.849609375,10561236
2026-04-28 13:34:00+00:00,27008.31640625,27017.939453125,26999.419921875,26999.419921875,7899036
2026-04-28 13:35:00+00:00,27045.203125,27045.203125,27020.83984375,27020.83984375,7203291
2026-04-28 13:36:00+00:00,27041.5625,27046.482421875,27029.109375,27044.666015625,6842108
2026-04-28 13:37:00+00:00,27047.005859375,27048.337890625,27041.09375,27046.92578125,6160977
2026-04-28 13:38:00+00:00,27047.607421875,27054.84375,27042.939453125,27047.365234375,5366734
2026-04-28 13:39:00+00:00,27040.931640625,27052.8203125,27040.931640625,27047.23828125,5011167
2026-04-28 13:40:00+00:00,27042.892578125,27042.892578125,27029.62109375,27035.751953125,4969029
2026-04-28 13:41:00+00:00,27073.037109375,27073.037109375,27037.27734375,27037.27734375,4769974
2026-04-28 13:42:00+00:00,27099.271484375,27100.111328125,27074.044921875,27074.044921875,5867125
2026-04-28 13:43:00+00:00,27096.25390625,27107.845703125,27096.22265625,27100.669921875,5333611
2026-04-28 13:44:00+00:00,27092.716796875,27103.0234375,27089.9921875,27094.501953125,4470023
2026-04-28 13:45:00+00:00,27081.12109375,27086.150390625,27079.34765625,27085.83984375,4832753
2026-04-28 13:46:00+00:00,27088.763671875,27097.845703125,27072.8359375,27078.564453125,4918623
2026-04-28 13:47:00+00:00,27098.70703125,27098.70703125,27086.333984375,27086.333984375,4281224
2026-04-28 13:48:00+00:00,27106.701171875,27106.701171875,27089.619140625,27095.271484375,4247865
2026-04-28 13:49:00+00:00,27093.794921875,27113.421875,27091.533203125,27112.38671875,4011883
2026-04-28 13:50:00+00:00,27093.30078125,27098.876953125,27087.79296875,27093.34765625,4122103
2026-04-28 13:51:00+00:00,27085.87109375,27093.05859375,27085.87109375,27090.828125,3715730
2026-04-28 13:52:00+00:00,27068.47265625,27094.73046875,27068.47265625,27091.287109375,3552105
2026-04-28 13:53:00+00:00,27055.65234375,27065.349609375,27055.65234375,27065.228515625,3555471
2026-04-28 13:54:00+00:00,27047.8828125,27054.47265625,27046.873046875,27054.47265625,3210694
2026-04-28 13:55:00+00:00,27031.224609375,27045.96484375,27024.21875,27045.96484375,3606115
2026-04-28 13:56:00+00:00,27013.681640625,27026.505859375,27008.853515625,27026.505859375,3841139
2026-04-28 13:57:00+00:00,27050.65625,27051.4453125,27031.982421875,27031.982421875,3511824
2026-04-28 13:58:00+00:00,27070.0703125,27070.0703125,27046.224609375,27053.34765625,2820376
2026-04-28 13:59:00+00:00,27073.119140625,27077.5703125,27070.146484375,27074.609375,3313630
2026-04-28 14:00:00+00:00,27065.478515625,27065.478515625,27055.904296875,27060.5390625,4477187
2026-04-28 14:01:00+00:00,27064.740234375,27075.212890625,27061.2421875,27064.96875,3309539
2026-04-28 14:02:00+00:00,27046.396484375,27057.994140625,27041.5703125,27057.994140625,3271603
2026-04-28 14:03:00+00:00,27057.666015625,27062.271484375,27051.24609375,27051.24609375,3260128
2026-04-28 14:04:00+00:00,27052.873046875,27071.83984375,27051.560546875,27063.4453125,3486693
2026-04-28 14:05:00+00:00,27068.701171875,27068.701171875,27050.345703125,27050.958984375,2888024
2026-04-28 14:06:00+00:00,27087.01171875,27094.84375,27070.48828125,27070.48828125,3983285
2026-04-28 14:07:00+00:00,27091.453125,27096.458984375,27084.9609375,27090.47265625,3568918
2026-04-28 14:08:00+00:00,27093.177734375,27094.35546875,27081.927734375,27084.38671875,3665138
2026-04-28 14:09:00+00:00,27087.62109375,27091.537109375,27087.36328125,27091.537109375,3037612
2026-04-28 14:10:00+00:00,27085.63671875,27091.05078125,27079.875,27091.05078125,3294804
2026-04-28 14:11:00+00:00,27073.4765625,27079.919921875,27069.255859375,27076.052734375,3130150
2026-04-28 14:12:00+00:00,27086.205078125,27086.205078125,27072.765625,27076.4375,3110434
2026-04-28 14:13:00+00:00,27074.05859375,27089.990234375,27074.05859375,27083.634765625,3050561
2026-04-28 14:14:00+00:00,27072.48828125,27074.375,27065.6953125,27065.6953125,3216403
2026-04-28 14:15:00+00:00,27068.94921875,27078.318359375,27068.94921875,27076.974609375,2530206
2026-04-28 14:16:00+00:00,27063.125,27066.37890625,27049.013671875,27060.521484375,4064588
2026-04-28 14:17:00+00:00,27074.40625,27074.40625,27066.13671875,27066.13671875,3279559
2026-04-28 14:18:00+00:00,27074.595703125,27083.234375,27074.595703125,27079.1328125,2824695
2026-04-28 14:19:00+00:00,27058.06640625,27073.548828125,27058.06640625,27073.548828125,2823996
2026-04-28 14:20:00+00:00,27061.087890625,27061.087890625,27047.427734375,27052.5859375,3444223
2026-04-28 14:21:00+00:00,27060.447265625,27066.939453125,27060.447265625,27064.65625,2648767
2026-04-28 14:22:00+00:00,27049.943359375,27055.537109375,27049.720703125,27054.857421875,2856528
2026-04-28 14:23:00+00:00,27040.046875,27054.373046875,27038.220703125,27054.373046875,2613918
2026-04-28 14:24:00+00:00,27034.251953125,27036.126953125,27029.1328125,27035.6015625,2701477
2026-04-28 14:25:00+00:00,27035.083984375,27035.96875,27029.576171875,27029.576171875,2686350
2026-04-28 14:26:00+00:00,27018.11328125,27042.978515625,27018.11328125,27040.724609375,2777526
2026-04-28 14:27:00+00:00,27024.03125,27024.03125,27016.4609375,27020.1953125,2823855
2026-04-28 14:28:00+00:00,27041.52734375,27047.60546875,27026.064453125,27026.064453125,3214806
2026-04-28 14:29:00+00:00,27031.912109375,27046.8828125,27031.912109375,27041.44921875,2904709
2026-04-28 14:30:00+00:00,27037.380859375,27040.10546875,27025.115234375,27032.27734375,2721505
2026-04-28 14:31:00+00:00,27027.62109375,27041.12890625,27027.62109375,27036.115234375,2883001
2026-04-28 14:32:00+00:00,27034.7109375,27034.7109375,27018.48046875,27021.8203125,2480056
2026-04-28 14:33:00+00:00,27011.9296875,27034.00390625,27011.9296875,27034.00390625,2178709
2026-04-28 14:34:00+00:00,27006.767578125,27013.076171875,27005.76171875,27008.33984375,2561021
2026-04-28 14:35:00+00:00,26974.458984375,27005.20703125,26974.458984375,27000.279296875,2941507
2026-04-28 14:36:00+00:00,26982.478515625,26982.478515625,26960.947265625,26973.603515625,4347357
2026-04-28 14:37:00+00:00,26943.140625,26971.76953125,26943.140625,26971.76953125,4101668
2026-04-28 14:38:00+00:00,26921.193359375,26945.529296875,26920.822265625,26945.529296875,4100149
2026-04-28 14:39:00+00:00,26932.71484375,26932.71484375,26912.251953125,26917.580078125,3520466
2026-04-28 14:40:00+00:00,26912.330078125,26923.638671875,26912.330078125,26920.185546875,3500649
2026-04-28 14:41:00+00:00,26939.431640625,26939.431640625,26908.44921875,26909.728515625,4655403
2026-04-28 14:42:00+00:00,26956.142578125,26962.173828125,26954.162109375,26954.162109375,4091177
2026-04-28 14:43:00+00:00,26950.38671875,26951.228515625,26940.994140625,26951.228515625,2963941
2026-04-28 14:44:00+00:00,26963.984375,26963.984375,26951.19921875,26951.19921875,2976760
2026-04-28 14:45:00+00:00,26946.322265625,26974.72265625,26946.322265625,26974.427734375,2900911
2026-04-28 14:46:00+00:00,26954.501953125,26954.814453125,26930.240234375,26939.58203125,2750371
2026-04-28 14:47:00+00:00,26940.70703125,26955.2890625,26937.61328125,26955.2890625,2616903
2026-04-28 14:48:00+00:00,26940.607421875,26952.060546875,26936.7578125,26952.060546875,2876901
2026-04-28 14:49:00+00:00,26928.138671875,26942.474609375,26928.138671875,26940.13671875,2830731
2026-04-28 14:50:00+00:00,26891.75,26923.71875,26891.75,26923.71875,3726643
2026-04-28 14:51:00+00:00,26893.69140625,26893.85546875,26879.59375,26888.4765625,5140582
2026-04-28 14:52:00+00:00,26911.482421875,26912.798828125,26890.26953125,26894.8515625,4594947
2026-04-28 14:53:00+00:00,26906.861328125,26913.9609375,26906.76953125,26913.9609375,3491382
2026-04-28 14:54:00+00:00,26887.490234375,26901.7265625,26886.1953125,26901.7265625,3334743
2026-04-28 14:55:00+00:00,26908.11328125,26914.8359375,26879.35546875,26888.921875,2641018
2026-04-28 14:56:00+00:00,26927.33984375,26927.33984375,26900.248046875,26904.529296875,4236443
2026-04-28 14:57:00+00:00,26926.46484375,26929.8046875,26918.818359375,26918.818359375,3923942
2026-04-28 14:58:00+00:00,26924.857421875,26935.82421875,26924.857421875,26925.162109375,2733588
2026-04-28 14:59:00+00:00,26954.068359375,26954.068359375,26921.794921875,26921.794921875,2606957
2026-04-28 15:00:00+00:00,26967.505859375,26971.771484375,26959.5078125,26959.5078125,3240140
2026-04-28 15:01:00+00:00,26961.453125,26980.544921875,26961.453125,26980.544921875,3317917
2026-04-28 15:02:00+00:00,26958.48046875,26962.0625,26954.5390625,26956.58203125,2724757
2026-04-28 15:03:00+00:00,26969.828125,26970.09765625,26959.291015625,26964.607421875,2346529
2026-04-28 15:04:00+00:00,26948.91015625,26961.75,26947.298828125,26961.75,2454978
2026-04-28 15:05:00+00:00,26938.81640625,26953.119140625,26935.658203125,26952.470703125,2313843
2026-04-28 15:06:00+00:00,26919.435546875,26936.857421875,26919.435546875,26934.333984375,2733245
2026-04-28 15:07:00+00:00,26909.220703125,26915.357421875,26903.48046875,26915.357421875,2704887
2026-04-28 15:08:00+00:00,26923.34765625,26923.34765625,26906.263671875,26910.892578125,2388558
2026-04-28 15:09:00+00:00,26919.884765625,26927.427734375,26910.28125,26927.427734375,2351655
2026-04-28 15:10:00+00:00,26926.03515625,26931.11328125,26919.33203125,26919.33203125,2087403
2026-04-28 15:11:00+00:00,26928.1328125,26931.0859375,26920.90234375,26926.765625,2420049
2026-04-28 15:12:00+00:00,26957.744140625,26957.744140625,26941.470703125,26941.470703125,3012458
2026-04-28 15:13:00+00:00,26950.05859375,26963.033203125,26950.05859375,26956.408203125,2424692
2026-04-28 15:14:00+00:00,26963.0859375,26963.0859375,26943.5,26946.865234375,2256009
2026-04-28 15:15:00+00:00,26944.9921875,26963.08984375,26944.9921875,26963.08984375,2511320
2026-04-28 15:16:00+00:00,26958.6171875,26958.6171875,26936.806640625,26939.623046875,2039961
2026-04-28 15:17:00+00:00,26958.724609375,26967.142578125,26957.125,26964.64453125,1948840
2026-04-28 15:18:00+00:00,26959.05859375,26964.900390625,26957.005859375,26957.494140625,1937393
2026-04-28 15:19:00+00:00,26961.71484375,26961.71484375,26951.54296875,26959.845703125,1522257
2026-04-28 15:20:00+00:00,26952.9609375,26964.267578125,26950.248046875,26964.267578125,2099966
2026-04-28 15:21:00+00:00,26934.6171875,26946.4375,26934.6171875,26946.4375,1819227
2026-04-28 15:22:00+00:00,26939.083984375,26939.083984375,26926.46875,26928.408203125,2347739
2026-04-28 15:23:00+00:00,26925.517578125,26940.353515625,26925.517578125,26940.353515625,2024228
2026-04-28 15:24:00+00:00,26924.896484375,26927.21484375,26918.861328125,26921.78515625,2044560
2026-04-28 15:25:00+00:00,26905.0234375,26925.384765625,26905.0234375,26925.384765625,2044577
2026-04-28 15:26:00+00:00,26925.9140625,26925.9140625,26902.927734375,26905.611328125,1795664
2026-04-28 15:27:00+00:00,26912.056640625,26923.8515625,26911.08203125,26923.8515625,2022360
2026-04-28 15:28:00+00:00,26911.884765625,26913.24609375,26907.154296875,26911.45703125,1829702
2026-04-28 15:29:00+00:00,26915.14453125,26922.58984375,26906.88671875,26908.349609375,1463311
2026-04-28 15:30:00+00:00,26905.3515625,26912.14453125,26903.634765625,26911.853515625,1580228
2026-04-28 15:31:00+00:00,26891.30078125,26903.69921875,26891.30078125,26903.69921875,1998843
2026-04-28 15:32:00+00:00,26890.212890625,26890.8515625,26882.951171875,26890.8515625,1953700
2026-04-28 15:33:00+00:00,26886.3359375,26894.556640625,26886.3359375,26891.37109375,2195036
2026-04-28 15:34:00+00:00,26894.95703125,26896.46875,26886.4296875,26889.638671875,1701286
2026-04-28 15:35:00+00:00,26889.123046875,26891.2890625,26884.1484375,26891.2890625,1933693
2026-04-28 15:36:00+00:00,26888.203125,26891.806640625,26883.591796875,26891.806640625,1638248
2026-04-28 15:37:00+00:00,26905.111328125,26905.69921875,26890.455078125,26890.455078125,1799447
2026-04-28 15:38:00+00:00,26900.609375,26918.599609375,26900.609375,26916.40625,2092331
2026-04-28 15:39:00+00:00,26908.84765625,26911.388671875,26899.75,26899.75,1816128
2026-04-28 15:40:00+00:00,26908.615234375,26909.228515625,26903.26171875,26903.26171875,1599426
2026-04-28 15:41:00+00:00,26905.203125,26917.642578125,26904.748046875,26909.712890625,1533082
2026-04-28 15:42:00+00:00,26913.771484375,26914.66015625,26902.84765625,26906.666015625,2469500
2026-04-28 15:43:00+00:00,26902.072265625,26910.82421875,26902.072265625,26910.82421875,1590847
2026-04-28 15:44:00+00:00,26903.599609375,26906.1875,26901.3203125,26901.693359375,1529501
2026-04-28 15:45:00+00:00,26904.361328125,26906.623046875,26898.970703125,26904.32421875,2123927
2026-04-28 15:46:00+00:00,26903.869140625,26905.90625,26897.453125,26905.001953125,2514794
2026-04-28 15:47:00+00:00,26906.1484375,26909.11328125,26901.646484375,26903.748046875,1434808
2026-04-28 15:48:00+00:00,26887.73046875,26899.416015625,26884.19921875,26898.15234375,1923280
2026-04-28 15:49:00+00:00,26890.29296875,26890.29296875,26880.439453125,26884.734375,2094327
2026-04-28 15:50:00+00:00,26896.833984375,26896.833984375,26888.931640625,26889.08984375,1511914
2026-04-28 15:51:00+00:00,26893.27734375,26904.255859375,26893.27734375,26899.771484375,1580202
2026-04-28 15:52:00+00:00,26904.79296875,26906.80859375,26894.5390625,26894.5390625,1418584
2026-04-28 15:53:00+00:00,26902.986328125,26909.486328125,26901.810546875,26903.736328125,1657202
2026-04-28 15:54:00+00:00,26906.572265625,26908.09765625,26902.359375,26902.982421875,1735601
2026-04-28 15:55:00+00:00,26903.064453125,26904.951171875,26901.490234375,26903.052734375,1213492
2026-04-28 15:56:00+00:00,26904.0546875,26904.0546875,26894.373046875,26903.21484375,1381206
2026-04-28 15:57:00+00:00,26916.12890625,26919.541015625,26907.21875,26907.21875,1462470
2026-04-28 15:58:00+00:00,26910.52734375,26916.58984375,26909.703125,26916.58984375,2048697
2026-04-28 15:59:00+00:00,26916.751953125,26916.751953125,26907.833984375,26907.833984375,1418947
2026-04-28 16:00:00+00:00,26915.955078125,26920.61328125,26909.51953125,26920.61328125,2191726
2026-04-28 16:01:00+00:00,26925.060546875,26926.650390625,26913.037109375,26915.013671875,2489354
2026-04-28 16:02:00+00:00,26925.080078125,26932.01171875,26925.080078125,26925.732421875,1040315
2026-04-28 16:03:00+00:00,26932.02734375,26932.02734375,26920.861328125,26922.974609375,2339315
2026-04-28 16:04:00+00:00,26931.75,26934.974609375,26927.16015625,26929.26171875,867039
2026-04-28 16:05:00+00:00,26936.525390625,26939.2421875,26931.537109375,26931.537109375,2809817
2026-04-28 16:06:00+00:00,26939.36328125,26944.8359375,26936.3046875,26936.3046875,857674
2026-04-28 16:07:00+00:00,26947.685546875,26947.685546875,26932.3515625,26936.287109375,2894577
2026-04-28 16:08:00+00:00,26939.484375,26951.537109375,26939.484375,26946.89453125,970418
2026-04-28 16:09:00+00:00,26939.14453125,26939.14453125,26931.541015625,26938.185546875,2252376
2026-04-28 16:10:00+00:00,26931.302734375,26940.140625,26931.013671875,26940.140625,1146795
2026-04-28 16:11:00+00:00,26940.4453125,26940.4453125,26926.30078125,26930.744140625,2461557
2026-04-28 16:12:00+00:00,26928.767578125,26941.40625,26928.767578125,26941.40625,827513
2026-04-28 16:13:00+00:00,26937.515625,26938.728515625,26929.630859375,26929.630859375,1141100
2026-04-28 16:14:00+00:00,26937.236328125,26937.236328125,26931.330078125,26936.427734375,1290452
2026-04-28 16:15:00+00:00,26930.1875,26939.041015625,26930.1875,26939.041015625,1274053
2026-04-28 16:16:00+00:00,26935.24609375,26935.697265625,26926.560546875,26929.234375,1416989
2026-04-28 16:17:00+00:00,26929.943359375,26936.435546875,26927.625,26936.435546875,1384355
2026-04-28 16:18:00+00:00,26940.806640625,26940.806640625,26930.25,26930.25,1130045
2026-04-28 16:19:00+00:00,26940.8359375,26942.578125,26936.58203125,26938.466796875,1561999
2026-04-28 16:20:00+00:00,26945.466796875,26950.1015625,26941.0390625,26941.0390625,1672029
2026-04-28 16:21:00+00:00,26941.37109375,26949.86328125,26941.37109375,26942.044921875,1545505
2026-04-28 16:22:00+00:00,26945.54296875,26948.181640625,26941.111328125,26941.111328125,1541261
2026-04-28 16:23:00+00:00,26953.755859375,26953.755859375,26946.009765625,26946.009765625,1318020
2026-04-28 16:24:00+00:00,26944.7265625,26951.89453125,26943.853515625,26951.240234375,1181607
2026-04-28 16:25:00+00:00,26939.31640625,26949.951171875,26939.31640625,26945.306640625,1105769
2026-04-28 16:26:00+00:00,26944.009765625,26944.48828125,26934.224609375,26936.37109375,1309144
2026-04-28 16:27:00+00:00,26941.380859375,26945.453125,26939.771484375,26944.443359375,1168492
2026-04-28 16:28:00+00:00,26941.611328125,26941.943359375,26937.099609375,26941.828125,1359341
2026-04-28 16:29:00+00:00,26936.109375,26938.982421875,26936.109375,26938.70703125,1429049
2026-04-28 16:30:00+00:00,26940.908203125,26943.197265625,26934.412109375,26934.412109375,1743212
2026-04-28 16:31:00+00:00,26928.537109375,26940.0234375,26928.537109375,26940.0234375,607302
2026-04-28 16:32:00+00:00,26925.18359375,26928.599609375,26923.26171875,26928.4296875,2375806
2026-04-28 16:33:00+00:00,26923.2265625,26927.23828125,26922.357421875,26926.00390625,675087
2026-04-28 16:34:00+00:00,26909.34375,26922.2578125,26909.34375,26922.2578125,2783760
2026-04-28 16:35:00+00:00,26901.078125,26905.8984375,26898.08984375,26905.8984375,946232
2026-04-28 16:36:00+00:00,26908.890625,26913.416015625,26903.966796875,26903.966796875,2402736
2026-04-28 16:37:00+00:00,26912.31640625,26913.306640625,26905.087890625,26907.349609375,665429
2026-04-28 16:38:00+00:00,26912.34765625,26914.904296875,26910.939453125,26914.26171875,2002497
2026-04-28 16:39:00+00:00,26906.873046875,26913.939453125,26904.21484375,26913.083984375,776884
2026-04-28 16:40:00+00:00,26912.443359375,26914.091796875,26908.32421875,26908.32421875,2241142
2026-04-28 16:41:00+00:00,26909.869140625,26914.734375,26909.869140625,26912.0625,571421
2026-04-28 16:42:00+00:00,26908.109375,26909.9140625,26904.736328125,26909.9140625,1754031
2026-04-28 16:43:00+00:00,26900.3203125,26910.2890625,26900.177734375,26910.2890625,645919
2026-04-28 16:44:00+00:00,26907.951171875,26907.951171875,26902.369140625,26902.369140625,1791131
2026-04-28 16:45:00+00:00,26918.74609375,26920.0078125,26906.47265625,26907.990234375,765535
2026-04-28 16:46:00+00:00,26918.294921875,26924.09375,26918.294921875,26919.876953125,1740325
2026-04-28 16:47:00+00:00,26915.544921875,26921.876953125,26914.5234375,26917.65234375,1450718
2026-04-28 16:48:00+00:00,26924.150390625,26924.150390625,26913.849609375,26914.041015625,1308634
2026-04-28 16:49:00+00:00,26924.966796875,26926.853515625,26917.9609375,26924.26171875,1364319
2026-04-28 16:50:00+00:00,26922.427734375,26938.314453125,26917.2734375,26925.173828125,2198119
2026-04-28 16:51:00+00:00,26928.37890625,26929.49609375,26910.3046875,26919.31640625,1457797
2026-04-28 16:52:00+00:00,26938.564453125,26940.55859375,26927.927734375,26927.927734375,1537318
2026-04-28 16:53:00+00:00,26953.02734375,26957.4296875,26940.16796875,26940.236328125,1833262
2026-04-28 16:54:00+00:00,26959.1171875,26960.11328125,26954.4609375,26954.4609375,1938725
2026-04-28 16:55:00+00:00,26950.947265625,26960.98828125,26950.947265625,26958.87890625,1661817
2026-04-28 16:56:00+00:00,26949.826171875,26953.076171875,26949.7265625,26949.7265625,1615597
2026-04-28 16:57:00+00:00,26948.9140625,26955.986328125,26948.1328125,26948.435546875,1607767
2026-04-28 16:58:00+00:00,26944.7890625,26946.45703125,26941.55859375,26946.45703125,1692946
2026-04-28 16:59:00+00:00,26948.4453125,26948.4453125,26943.8515625,26945.744140625,1568708
2026-04-28 17:00:00+00:00,26956.6015625,26956.6015625,26947.65234375,26948.390625,1629679
2026-04-28 17:01:00+00:00,26952.40234375,26960.296875,26951.84375,26960.296875,2583056
2026-04-28 17:02:00+00:00,26943.28125,26951.60546875,26943.28125,26951.60546875,746489
2026-04-28 17:03:00+00:00,26927.142578125,26941.744140625,26927.142578125,26941.744140625,2205757
2026-04-28 17:04:00+00:00,26926.125,26927.3828125,26924.494140625,26926.80078125,755095
2026-04-28 17:05:00+00:00,26925.76171875,26930.05859375,26925.76171875,26926.78125,1618212
2026-04-28 17:06:00+00:00,26923.5234375,26925.400390625,26916.1640625,26922.90625,856946
2026-04-28 17:07:00+00:00,26924.955078125,26926.349609375,26920.568359375,26924.443359375,1820928
2026-04-28 17:08:00+00:00,26928.416015625,26930.697265625,26925.751953125,26925.751953125,784681
2026-04-28 17:09:00+00:00,26935.431640625,26935.431640625,26928.259765625,26928.259765625,1850012
2026-04-28 17:10:00+00:00,26926.478515625,26933.072265625,26925.357421875,26933.072265625,713474
2026-04-28 17:11:00+00:00,26931.19140625,26931.19140625,26921.53125,26925.693359375,1830826
2026-04-28 17:12:00+00:00,26941.138671875,26941.4453125,26932.029296875,26932.029296875,804420
2026-04-28 17:13:00+00:00,26934.5546875,26941.92578125,26933.458984375,26941.302734375,1941885
2026-04-28 17:14:00+00:00,26936.763671875,26938.701171875,26934.826171875,26934.978515625,595758
2026-04-28 17:15:00+00:00,26936.1328125,26938.755859375,26932.923828125,26937.912109375,1779901
2026-04-28 17:16:00+00:00,26927.275390625,26939.06640625,26926.734375,26938.30078125,625878
2026-04-28 17:17:00+00:00,26928.259765625,26931.7578125,26928.259765625,26928.466796875,1155264
2026-04-28 17:18:00+00:00,26923.904296875,26930.802734375,26922.923828125,26930.2109375,1101450
2026-04-28 17:19:00+00:00,26920.640625,26923.771484375,26917.587890625,26923.771484375,1258201
2026-04-28 17:20:00+00:00,26927.798828125,26931.1015625,26922.0703125,26922.0703125,1080541
2026-04-28 17:21:00+00:00,26926.73046875,26927.5859375,26923.6015625,26927.5859375,1227640
2026-04-28 17:22:00+00:00,26927.7421875,26928.9609375,26925.765625,26927.30859375,955861
2026-04-28 17:23:00+00:00,26924.501953125,26927.7734375,26922.74609375,26927.7734375,1364907
2026-04-28 17:24:00+00:00,26932.40234375,26933.234375,26924.65625,26924.65625,1087020
2026-04-28 17:25:00+00:00,26934.08984375,26934.720703125,26931.482421875,26932.685546875,1225430
2026-04-28 17:26:00+00:00,26935.646484375,26936.435546875,26932.0703125,26932.9140625,1154496
2026-04-28 17:27:00+00:00,26949.96875,26949.96875,26935.32421875,26935.32421875,1063198
2026-04-28 17:28:00+00:00,26957.689453125,26957.82421875,26950.279296875,26950.86328125,1760997
2026-04-28 17:29:00+00:00,26951.8984375,26958.23046875,26951.564453125,26955.865234375,3078693
2026-04-28 17:30:00+00:00,26962.53125,26962.62109375,26951.478515625,26951.478515625,2657864
2026-04-28 17:31:00+00:00,26958.12109375,26962.62890625,26958.12109375,26962.271484375,779791
2026-04-28 17:32:00+00:00,26963.248046875,26963.3984375,26958.26953125,26958.26953125,1379451
2026-04-28 17:33:00+00:00,26967.34765625,26968.8125,26962.423828125,26962.423828125,1868664
2026-04-28 17:34:00+00:00,26969.548828125,26969.671875,26965.9921875,26967.099609375,1497640
2026-04-28 17:35:00+00:00,26981.787109375,26981.787109375,26971.4921875,26971.4921875,1808404
2026-04-28 17:36:00+00:00,26976.091796875,26981.08203125,26975.0078125,26980.712890625,1743258
2026-04-28 17:37:00+00:00,26980.34375,26980.34375,26975.859375,26975.859375,1489060
2026-04-28 17:38:00+00:00,26979.873046875,26981.69140625,26978.171875,26980.130859375,1942195
2026-04-28 17:39:00+00:00,26980.953125,26983.19140625,26979.052734375,26979.44921875,1393471
2026-04-28 17:40:00+00:00,26980.447265625,26987.744140625,26977.134765625,26983.095703125,1658166
2026-04-28 17:41:00+00:00,26993.345703125,26993.75,26980.96484375,26980.96484375,1315036
2026-04-28 17:42:00+00:00,26988.623046875,26995.8671875,26988.623046875,26992.369140625,1521210
2026-04-28 17:43:00+00:00,26988.8359375,26989.79296875,26985.18359375,26988.044921875,1379924
2026-04-28 17:44:00+00:00,26988.146484375,26988.533203125,26985.234375,26988.533203125,1259915
2026-04-28 17:45:00+00:00,26994.642578125,26996.109375,26987.828125,26988.47265625,1925681
2026-04-28 17:46:00+00:00,26993.71484375,26997.619140625,26993.71484375,26994.96484375,1502509
2026-04-28 17:47:00+00:00,26993.21875,26993.21875,26988.205078125,26991.140625,1559365
2026-04-28 17:48:00+00:00,26992.224609375,26996.6015625,26991.60546875,26993.5390625,1429470
2026-04-28 17:49:00+00:00,26989.07421875,26995.671875,26988.0546875,26992.537109375,1998450
2026-04-28 17:50:00+00:00,26989.525390625,26989.525390625,26982.189453125,26988.947265625,849830
2026-04-28 17:51:00+00:00,26997.62890625,26997.62890625,26991.33984375,26991.33984375,2077333
2026-04-28 17:52:00+00:00,26997.59765625,26997.802734375,26994.017578125,26996.994140625,652159
2026-04-28 17:53:00+00:00,26995.4375,26995.4375,26991.306640625,26993.85546875,2939878
2026-04-28 17:54:00+00:00,26996.251953125,26999.822265625,26994.9609375,26996.923828125,753001
2026-04-28 17:55:00+00:00,27002.65625,27004.740234375,26995.45703125,26995.96875,2020112
2026-04-28 17:56:00+00:00,27006.39453125,27006.39453125,27002.78125,27002.98046875,547332
2026-04-28 17:57:00+00:00,27004.390625,27009.4609375,27004.390625,27006.03515625,2611048
2026-04-28 17:58:00+00:00,27006.58203125,27007.646484375,27004.111328125,27004.111328125,556085
2026-04-28 17:59:00+00:00,27006.9765625,27008.716796875,27006.2421875,27008.10546875,2394899
2026-04-28 18:00:00+00:00,27009.568359375,27011.537109375,27008.189453125,27008.771484375,844959
2026-04-28 18:01:00+00:00,27009.513671875,27009.513671875,27006.19921875,27008.734375,2364700
2026-04-28 18:02:00+00:00,27004.08984375,27011.96484375,27003.33203125,27011.3828125,691718
2026-04-28 18:03:00+00:00,26999.083984375,27005.48828125,26997.958984375,27004.16796875,2072285
2026-04-28 18:04:00+00:00,26996.94921875,26999.533203125,26996.138671875,26998.421875,606233
2026-04-28 18:05:00+00:00,26998.71875,26998.71875,26994.72265625,26997.658203125,3404855
2026-04-28 18:06:00+00:00,26991.7109375,26997.65625,26991.7109375,26997.208984375,2008822
2026-04-28 18:07:00+00:00,26994.205078125,26994.205078125,26989.197265625,26989.197265625,1498538
2026-04-28 18:08:00+00:00,26995.9921875,26995.9921875,26992.38671875,26995.111328125,1427516
2026-04-28 18:09:00+00:00,27002.76171875,27004.546875,26995.4140625,26996.25390625,1661795
2026-04-28 18:10:00+00:00,26998.27734375,27002.947265625,26997.615234375,27002.34375,1453896
2026-04-28 18:11:00+00:00,26997.65234375,26999.60546875,26996.533203125,26997.96484375,1298615
2026-04-28 18:12:00+00:00,27001.359375,27003.47265625,26997.6484375,26998.197265625,1277862
2026-04-28 18:13:00+00:00,27006.138671875,27006.138671875,27000.33203125,27000.33203125,1776106
2026-04-28 18:14:00+00:00,27009.58984375,27009.58984375,27005.61328125,27006.0,1522391
2026-04-28 18:15:00+00:00,27016.51953125,27016.51953125,27009.4453125,27009.4453125,1766913
2026-04-28 18:16:00+00:00,27010.755859375,27016.111328125,27010.4921875,27016.111328125,1896031
2026-04-28 18:17:00+00:00,27021.71484375,27021.71484375,27010.203125,27010.203125,1940460
2026-04-28 18:18:00+00:00,27022.912109375,27025.3203125,27021.19921875,27021.19921875,1986795
2026-04-28 18:19:00+00:00,27026.15234375,27027.79296875,27022.873046875,27022.873046875,1451244
2026-04-28 18:20:00+00:00,27031.751953125,27032.982421875,27026.23828125,27026.23828125,2587266
2026-04-28 18:21:00+00:00,27037.390625,27038.201171875,27031.525390625,27031.525390625,809941
2026-04-28 18:22:00+00:00,27026.490234375,27037.310546875,27025.908203125,27036.5,2607423
2026-04-28 18:23:00+00:00,27035.9609375,27043.09765625,27026.673828125,27026.673828125,1848912
2026-04-28 18:24:00+00:00,27039.20703125,27039.20703125,27033.4921875,27035.427734375,2168214
2026-04-28 18:25:00+00:00,27042.2265625,27042.66796875,27037.84375,27040.13671875,1075560
2026-04-28 18:26:00+00:00,27038.4140625,27042.6953125,27038.4140625,27042.421875,2129870
2026-04-28 18:27:00+00:00,27041.01171875,27041.357421875,27038.98046875,27038.98046875,997429
2026-04-28 18:28:00+00:00,27039.9921875,27039.9921875,27036.849609375,27039.7578125,2333407
2026-04-28 18:29:00+00:00,27043.57421875,27043.599609375,27040.017578125,27040.017578125,648680
2026-04-28 18:30:00+00:00,27046.302734375,27047.216796875,27042.330078125,27043.177734375,2527994
2026-04-28 18:31:00+00:00,27037.609375,27045.9140625,27037.609375,27045.9140625,782285
2026-04-28 18:32:00+00:00,27027.85546875,27038.1171875,27026.76171875,27038.1171875,2721631
2026-04-28 18:33:00+00:00,27026.048828125,27027.5078125,27023.7734375,27026.703125,908795
2026-04-28 18:34:00+00:00,27025.755859375,27028.52734375,27024.552734375,27026.265625,2143924
2026-04-28 18:35:00+00:00,27021.544921875,27026.619140625,27021.544921875,27025.529296875,1373106
2026-04-28 18:36:00+00:00,27024.79296875,27024.79296875,27019.6171875,27019.79296875,615861
2026-04-28 18:37:00+00:00,27018.96875,27025.955078125,27018.96875,27025.12109375,2333308
2026-04-28 18:38:00+00:00,27029.12109375,27031.216796875,27021.68359375,27021.68359375,891135
2026-04-28 18:39:00+00:00,27031.72265625,27031.72265625,27027.8828125,27027.8828125,2317269
2026-04-28 18:40:00+00:00,27036.51171875,27036.51171875,27030.73046875,27030.73046875,650703
2026-04-28 18:41:00+00:00,27038.935546875,27040.087890625,27033.818359375,27036.494140625,2357519
2026-04-28 18:42:00+00:00,27038.505859375,27041.119140625,27038.4296875,27039.078125,768825
2026-04-28 18:43:00+00:00,27035.5,27037.416015625,27034.685546875,27037.416015625,1954943
2026-04-28 18:44:00+00:00,27047.5625,27047.5625,27037.00390625,27037.00390625,785971
2026-04-28 18:45:00+00:00,27041.626953125,27050.740234375,27041.626953125,27047.623046875,2651579
2026-04-28 18:46:00+00:00,27038.931640625,27042.595703125,27038.814453125,27039.021484375,1079599
2026-04-28 18:47:00+00:00,27043.78515625,27044.833984375,27039.15625,27039.724609375,2087193
2026-04-28 18:48:00+00:00,27045.26953125,27046.884765625,27042.884765625,27042.884765625,756473
2026-04-28 18:49:00+00:00,27046.244140625,27046.76953125,27044.994140625,27046.375,1760678
2026-04-28 18:50:00+00:00,27045.91015625,27048.396484375,27044.6953125,27046.224609375,686464
2026-04-28 18:51:00+00:00,27052.29296875,27052.62890625,27043.47265625,27045.119140625,2318561
2026-04-28 18:52:00+00:00,27051.783203125,27056.10546875,27050.857421875,27052.361328125,1455558
2026-04-28 18:53:00+00:00,27054.2421875,27055.09765625,27051.984375,27051.984375,1526324
2026-04-28 18:54:00+00:00,27059.15234375,27059.65625,27054.287109375,27054.287109375,1357226
2026-04-28 18:55:00+00:00,27045.458984375,27058.365234375,27044.419921875,27058.365234375,1621883
2026-04-28 18:56:00+00:00,27044.9609375,27046.423828125,27042.609375,27044.458984375,1977764
2026-04-28 18:57:00+00:00,27045.943359375,27046.05859375,27043.392578125,27044.396484375,1389173
2026-04-28 18:58:00+00:00,27055.33203125,27055.54296875,27046.404296875,27046.404296875,1711654
2026-04-28 18:59:00+00:00,27058.76171875,27058.76171875,27054.603515625,27054.84375,1638416
2026-04-28 19:00:00+00:00,27058.935546875,27060.455078125,27056.427734375,27059.0859375,1922566
2026-04-28 19:01:00+00:00,27066.3828125,27066.74609375,27057.634765625,27057.634765625,1729351
2026-04-28 19:02:00+00:00,27068.099609375,27073.689453125,27066.638671875,27066.638671875,1686888
2026-04-28 19:03:00+00:00,27067.357421875,27069.263671875,27067.357421875,27068.275390625,1734001
2026-04-28 19:04:00+00:00,27067.962890625,27069.837890625,27065.001953125,27065.001953125,1738151
2026-04-28 19:05:00+00:00,27078.357421875,27078.357421875,27070.43359375,27070.43359375,1954887
2026-04-28 19:06:00+00:00,27080.23828125,27082.06640625,27077.89453125,27078.888671875,1700477
2026-04-28 19:07:00+00:00,27076.8984375,27086.060546875,27076.8984375,27081.171875,2093497
2026-04-28 19:08:00+00:00,27079.341796875,27081.412109375,27076.265625,27076.265625,2768581
2026-04-28 19:09:00+00:00,27080.021484375,27080.859375,27077.314453125,27079.533203125,835435
2026-04-28 19:10:00+00:00,27079.609375,27079.998046875,27074.775390625,27079.9453125,2523240
2026-04-28 19:11:00+00:00,27084.30859375,27087.548828125,27078.287109375,27078.703125,1109812
2026-04-28 19:12:00+00:00,27079.005859375,27087.62890625,27078.865234375,27084.892578125,2697555
2026-04-28 19:13:00+00:00,27078.642578125,27082.41015625,27078.642578125,27079.5625,798982
2026-04-28 19:14:00+00:00,27073.220703125,27080.255859375,27073.220703125,27078.53515625,3459029
2026-04-28 19:15:00+00:00,27061.01953125,27072.552734375,27061.01953125,27072.552734375,1479381
2026-04-28 19:16:00+00:00,27060.01953125,27063.80078125,27056.138671875,27060.818359375,3540000
2026-04-28 19:17:00+00:00,27055.072265625,27059.740234375,27052.38671875,27058.890625,1027160
2026-04-28 19:18:00+00:00,27055.296875,27060.126953125,27053.30859375,27056.408203125,3400292
2026-04-28 19:19:00+00:00,27051.3984375,27054.91015625,27051.3984375,27054.91015625,3395457
2026-04-28 19:20:00+00:00,27040.28515625,27049.318359375,27039.44140625,27049.318359375,3680620
2026-04-28 19:21:00+00:00,27044.43359375,27044.568359375,27039.65625,27039.65625,1061299
2026-04-28 19:22:00+00:00,27047.48828125,27050.328125,27044.55859375,27044.55859375,2788935
2026-04-28 19:23:00+00:00,27055.33984375,27055.33984375,27045.7265625,27049.353515625,971138
2026-04-28 19:24:00+00:00,27049.66015625,27056.765625,27047.158203125,27056.732421875,1938525
2026-04-28 19:25:00+00:00,27048.892578125,27050.6875,27047.0078125,27049.8125,1618477
2026-04-28 19:26:00+00:00,27046.65625,27050.18359375,27045.041015625,27049.66015625,1898568
2026-04-28 19:27:00+00:00,27049.904296875,27050.974609375,27043.240234375,27047.1328125,1746683
2026-04-28 19:28:00+00:00,27049.697265625,27051.55859375,27048.173828125,27049.259765625,1983843
2026-04-28 19:29:00+00:00,27051.8125,27052.78515625,27045.0625,27047.95703125,2028514
2026-04-28 19:30:00+00:00,27051.130859375,27052.828125,27049.0,27052.787109375,2712227
2026-04-28 19:31:00+00:00,27055.53125,27055.53125,27050.359375,27051.0,2514557
2026-04-28 19:32:00+00:00,27052.25,27055.3671875,27045.1015625,27055.3671875,2151828
2026-04-28 19:33:00+00:00,27044.77734375,27055.015625,27044.77734375,27052.76171875,2331520
2026-04-28 19:34:00+00:00,27038.421875,27044.302734375,27038.421875,27044.302734375,2149169
2026-04-28 19:35:00+00:00,27034.099609375,27038.9296875,27032.056640625,27038.9296875,2631717
2026-04-28 19:36:00+00:00,27040.083984375,27040.083984375,27031.296875,27033.63671875,2281804
2026-04-28 19:37:00+00:00,27037.3125,27041.533203125,27037.3125,27038.796875,2543595
2026-04-28 19:38:00+00:00,27038.3046875,27039.619140625,27035.533203125,27035.533203125,1999637
2026-04-28 19:39:00+00:00,27042.939453125,27043.42578125,27038.099609375,27038.099609375,3027205
2026-04-28 19:40:00+00:00,27050.583984375,27050.583984375,27043.369140625,27044.8359375,1064206
2026-04-28 19:41:00+00:00,27052.65625,27054.759765625,27050.18359375,27051.615234375,2963684
2026-04-28 19:42:00+00:00,27046.662109375,27053.107421875,27046.662109375,27053.107421875,1152113
2026-04-28 19:43:00+00:00,27043.537109375,27046.267578125,27041.33984375,27045.8515625,3114243
2026-04-28 19:44:00+00:00,27044.373046875,27047.6640625,27043.041015625,27043.041015625,1127378
2026-04-28 19:45:00+00:00,27043.775390625,27043.779296875,27039.900390625,27043.439453125,3913567
2026-04-28 19:46:00+00:00,27043.06640625,27045.814453125,27042.17578125,27045.814453125,1190010
2026-04-28 19:47:00+00:00,27041.0234375,27045.8359375,27041.0234375,27043.927734375,3481592
2026-04-28 19:48:00+00:00,27038.7265625,27042.173828125,27036.927734375,27042.087890625,1162177
2026-04-28 19:49:00+00:00,27041.560546875,27042.5390625,27039.095703125,27039.095703125,3819106
2026-04-28 19:50:00+00:00,27046.470703125,27046.927734375,27039.94140625,27045.173828125,3203425
2026-04-28 19:51:00+00:00,27044.1953125,27050.90234375,27044.1953125,27045.22265625,6654132
2026-04-28 19:52:00+00:00,27044.859375,27048.353515625,27042.953125,27043.12109375,2134339
2026-04-28 19:53:00+00:00,27035.263671875,27045.4140625,27035.263671875,27042.56640625,7410680
2026-04-28 19:54:00+00:00,27029.90234375,27031.15234375,27020.826171875,27031.15234375,3447918
2026-04-28 19:55:00+00:00,27032.48046875,27033.466796875,27021.087890625,27024.861328125,6550579
2026-04-28 19:56:00+00:00,27035.6953125,27038.162109375,27029.515625,27033.703125,9780855
2026-04-28 19:57:00+00:00,27034.251953125,27036.1875,27027.181640625,27036.1875,4057639
2026-04-28 19:58:00+00:00,27043.712890625,27043.712890625,27032.310546875,27032.310546875,9555406
2026-04-28 19:59:00+00:00,27029.74609375,27040.39453125,27026.75,27038.408203125,2816722
2026-04-29 13:30:00+00:00,27018.716796875,27057.720703125,27018.716796875,27057.720703125,0
2026-04-29 13:31:00+00:00,27027.712890625,27033.3515625,27007.498046875,27012.56640625,10539179
2026-04-29 13:32:00+00:00,27011.8984375,27042.103515625,27011.8984375,27042.103515625,9437142
2026-04-29 13:33:00+00:00,27008.53125,27010.607421875,27001.365234375,27010.607421875,8369559
2026-04-29 13:34:00+00:00,27017.685546875,27021.013671875,27009.322265625,27012.560546875,5722660
2026-04-29 13:35:00+00:00,27009.603515625,27011.974609375,26996.66796875,27011.974609375,7175844
2026-04-29 13:36:00+00:00,27039.658203125,27039.658203125,27007.5625,27008.27734375,5859342
2026-04-29 13:37:00+00:00,27045.515625,27054.34765625,27041.658203125,27045.83203125,6806035
2026-04-29 13:38:00+00:00,27030.552734375,27053.5859375,27022.82421875,27053.5859375,4940041
2026-04-29 13:39:00+00:00,27047.2265625,27047.2265625,27031.716796875,27038.439453125,4491412
2026-04-29 13:40:00+00:00,27052.4921875,27065.5859375,27052.4921875,27053.001953125,4775870
2026-04-29 13:41:00+00:00,27045.755859375,27064.0859375,27045.755859375,27051.5390625,4865547
2026-04-29 13:42:00+00:00,27066.109375,27066.109375,27049.462890625,27053.74609375,4096749
2026-04-29 13:43:00+00:00,27046.970703125,27063.236328125,27046.970703125,27058.6484375,4507454
2026-04-29 13:44:00+00:00,27059.18359375,27060.62109375,27044.60546875,27044.60546875,4400826
2026-04-29 13:45:00+00:00,27033.87109375,27048.341796875,27033.87109375,27048.341796875,4101577
2026-04-29 13:46:00+00:00,27032.30859375,27037.8359375,27026.6171875,27026.6171875,4737512
2026-04-29 13:47:00+00:00,27044.134765625,27057.02734375,27035.083984375,27035.083984375,4703427
2026-04-29 13:48:00+00:00,27048.90234375,27050.74609375,27035.162109375,27047.830078125,4241549
2026-04-29 13:49:00+00:00,27051.388671875,27063.96875,27051.388671875,27054.8828125,3689698
2026-04-29 13:50:00+00:00,27086.3671875,27086.3671875,27046.6640625,27046.6640625,4227764
2026-04-29 13:51:00+00:00,27076.95703125,27085.609375,27068.25,27085.609375,4345337
2026-04-29 13:52:00+00:00,27055.541015625,27073.43359375,27055.541015625,27073.43359375,3243978
2026-04-29 13:53:00+00:00,27086.072265625,27086.072265625,27056.939453125,27057.0625,3299326
2026-04-29 13:54:00+00:00,27095.64453125,27096.13671875,27081.8203125,27088.76171875,3749814
2026-04-29 13:55:00+00:00,27093.978515625,27099.275390625,27092.232421875,27098.591796875,3988409
2026-04-29 13:56:00+00:00,27100.169921875,27100.169921875,27091.376953125,27095.314453125,4156532
2026-04-29 13:57:00+00:00,27099.619140625,27100.580078125,27094.5625,27096.046875,3316643
2026-04-29 13:58:00+00:00,27089.080078125,27097.58203125,27089.05859375,27097.58203125,3185001
2026-04-29 13:59:00+00:00,27090.1796875,27097.041015625,27089.876953125,27089.876953125,3333292
2026-04-29 14:00:00+00:00,27070.392578125,27084.6171875,27070.392578125,27084.6171875,4569030
2026-04-29 14:01:00+00:00,27060.556640625,27071.115234375,27060.556640625,27071.115234375,4340562
2026-04-29 14:02:00+00:00,27069.607421875,27069.607421875,27055.58203125,27058.888671875,4411976
2026-04-29 14:03:00+00:00,27062.544921875,27070.828125,27059.26171875,27070.828125,3863570
2026-04-29 14:04:00+00:00,27070.4375,27070.4375,27055.275390625,27055.275390625,3684276
2026-04-29 14:05:00+00:00,27074.48046875,27074.48046875,27063.501953125,27071.42578125,3968626
2026-04-29 14:06:00+00:00,27060.544921875,27080.1875,27060.544921875,27080.1875,4071127
2026-04-29 14:07:00+00:00,27056.02734375,27063.125,27054.1796875,27054.1796875,3794471
2026-04-29 14:08:00+00:00,27050.611328125,27064.173828125,27050.265625,27058.69140625,3202623
2026-04-29 14:09:00+00:00,27055.861328125,27055.861328125,27047.6875,27048.72265625,4026211
2026-04-29 14:10:00+00:00,27055.712890625,27056.890625,27046.59375,27055.341796875,3509448
2026-04-29 14:11:00+00:00,27063.46875,27063.46875,27057.068359375,27059.78515625,4911282
2026-04-29 14:12:00+00:00,27075.150390625,27075.150390625,27056.716796875,27059.775390625,3573136
2026-04-29 14:13:00+00:00,27072.314453125,27078.74609375,27069.7890625,27074.154296875,3760427
2026-04-29 14:14:00+00:00,27083.025390625,27083.025390625,27071.05859375,27071.05859375,4627735
2026-04-29 14:15:00+00:00,27081.841796875,27082.203125,27073.994140625,27081.0703125,3483002
2026-04-29 14:16:00+00:00,27084.548828125,27090.615234375,27079.79296875,27079.79296875,4267533
2026-04-29 14:17:00+00:00,27085.58203125,27090.677734375,27083.859375,27087.3515625,3714357
2026-04-29 14:18:00+00:00,27092.201171875,27095.98828125,27085.1015625,27087.96875,4624326
2026-04-29 14:19:00+00:00,27093.177734375,27093.177734375,27083.22265625,27088.283203125,3335431
2026-04-29 14:20:00+00:00,27088.15625,27094.6015625,27088.15625,27090.501953125,3757247
2026-04-29 14:21:00+00:00,27086.59765625,27089.9921875,27078.0,27085.857421875,3962709
2026-04-29 14:22:00+00:00,27094.056640625,27094.056640625,27086.890625,27086.890625,3354399
2026-04-29 14:23:00+00:00,27103.37890625,27103.515625,27092.783203125,27092.783203125,3282547
2026-04-29 14:24:00+00:00,27110.326171875,27111.17578125,27100.986328125,27104.521484375,3224557
2026-04-29 14:25:00+00:00,27115.205078125,27119.88671875,27114.013671875,27114.1875,3719774
2026-04-29 14:26:00+00:00,27113.85546875,27122.451171875,27113.85546875,27118.24609375,3726221
2026-04-29 14:27:00+00:00,27120.609375,27120.826171875,27107.123046875,27111.5234375,2993234
2026-04-29 14:28:00+00:00,27136.435546875,27136.86328125,27119.16015625,27120.69140625,3329472
2026-04-29 14:29:00+00:00,27133.779296875,27143.935546875,27131.109375,27139.583984375,4726562
2026-04-29 14:30:00+00:00,27126.8671875,27129.986328125,27118.501953125,27126.8828125,3878532
2026-04-29 14:31:00+00:00,27134.10546875,27134.10546875,27118.255859375,27126.376953125,3531872
2026-04-29 14:32:00+00:00,27145.197265625,27150.876953125,27139.939453125,27139.939453125,2951343
2026-04-29 14:33:00+00:00,27150.853515625,27150.853515625,27144.869140625,27144.869140625,3090128
2026-04-29 14:34:00+00:00,27157.90234375,27157.90234375,27146.32421875,27146.32421875,3253002
2026-04-29 14:35:00+00:00,27164.45703125,27165.271484375,27152.205078125,27158.22265625,4185084
2026-04-29 14:36:00+00:00,27173.77734375,27173.77734375,27163.390625,27163.45703125,3355068
2026-04-29 14:37:00+00:00,27169.71484375,27183.927734375,27169.71484375,27174.0078125,4373011
2026-04-29 14:38:00+00:00,27174.4140625,27174.4140625,27165.47265625,27169.4375,3446620
2026-04-29 14:39:00+00:00,27174.896484375,27178.228515625,27171.576171875,27172.953125,2805612
2026-04-29 14:40:00+00:00,27169.080078125,27169.080078125,27159.82421875,27166.46875,3422448
2026-04-29 14:41:00+00:00,27153.828125,27169.677734375,27153.828125,27169.677734375,2998139
2026-04-29 14:42:00+00:00,27161.9765625,27163.98828125,27147.873046875,27147.873046875,3125604
2026-04-29 14:43:00+00:00,27155.185546875,27159.5859375,27153.173828125,27159.5859375,3053524
2026-04-29 14:44:00+00:00,27166.98046875,27166.98046875,27157.03515625,27157.03515625,2830071
2026-04-29 14:45:00+00:00,27169.02734375,27175.986328125,27168.505859375,27175.986328125,3023265
2026-04-29 14:46:00+00:00,27166.587890625,27174.470703125,27164.35546875,27166.306640625,2384313
2026-04-29 14:47:00+00:00,27153.01953125,27165.30078125,27153.01953125,27165.30078125,2540191
2026-04-29 14:48:00+00:00,27166.3828125,27166.3828125,27154.775390625,27154.775390625,2916865
2026-04-29 14:49:00+00:00,27157.029296875,27168.09375,27157.029296875,27168.09375,3010113
2026-04-29 14:50:00+00:00,27156.244140625,27158.5546875,27150.447265625,27155.974609375,3478020
2026-04-29 14:51:00+00:00,27157.228515625,27161.244140625,27151.3359375,27156.349609375,3027857
2026-04-29 14:52:00+00:00,27164.9609375,27168.150390625,27156.73828125,27159.076171875,3014372
2026-04-29 14:53:00+00:00,27169.984375,27171.935546875,27163.822265625,27166.013671875,2805425
2026-04-29 14:54:00+00:00,27170.33203125,27173.314453125,27169.185546875,27169.8984375,2517471
2026-04-29 14:55:00+00:00,27166.38671875,27172.466796875,27163.40625,27170.962890625,3040244
2026-04-29 14:56:00+00:00,27162.982421875,27169.365234375,27162.982421875,27169.041015625,2917699
2026-04-29 14:57:00+00:00,27174.994140625,27174.994140625,27162.439453125,27162.439453125,2921858
2026-04-29 14:58:00+00:00,27168.490234375,27175.857421875,27162.84765625,27175.787109375,3280569
2026-04-29 14:59:00+00:00,27167.884765625,27173.044921875,27167.884765625,27169.794921875,3914383
2026-04-29 15:00:00+00:00,27175.765625,27176.681640625,27169.853515625,27169.853515625,3724978
2026-04-29 15:01:00+00:00,27157.287109375,27174.24609375,27157.287109375,27174.24609375,3673536
2026-04-29 15:02:00+00:00,27159.861328125,27160.09375,27156.986328125,27158.38671875,2935562
2026-04-29 15:03:00+00:00,27149.244140625,27164.14453125,27147.32421875,27163.369140625,3119787
2026-04-29 15:04:00+00:00,27155.00390625,27155.87109375,27150.4140625,27150.4140625,3183415
2026-04-29 15:05:00+00:00,27152.248046875,27153.396484375,27147.83203125,27151.505859375,3176075
2026-04-29 15:06:00+00:00,27155.341796875,27155.826171875,27149.419921875,27152.974609375,2799957
2026-04-29 15:07:00+00:00,27144.150390625,27156.966796875,27141.791015625,27156.966796875,2629695
2026-04-29 15:08:00+00:00,27135.85546875,27143.91015625,27135.85546875,27143.91015625,2624934
2026-04-29 15:09:00+00:00,27120.759765625,27135.115234375,27120.759765625,27135.115234375,3231141
2026-04-29 15:10:00+00:00,27116.650390625,27119.22265625,27115.484375,27119.22265625,2955099
2026-04-29 15:11:00+00:00,27105.90234375,27118.71484375,27105.90234375,27117.77734375,3144941
2026-04-29 15:12:00+00:00,27097.982421875,27105.115234375,27094.099609375,27105.115234375,3369595
2026-04-29 15:13:00+00:00,27093.9140625,27106.3046875,27093.9140625,27102.6484375,2807343
2026-04-29 15:14:00+00:00,27099.14453125,27103.744140625,27098.5,27098.5,2563869
2026-04-29 15:15:00+00:00,27108.111328125,27108.111328125,27089.99609375,27096.408203125,2784374
2026-04-29 15:16:00+00:00,27115.880859375,27119.041015625,27110.177734375,27110.359375,3046881
2026-04-29 15:17:00+00:00,27123.318359375,27124.5703125,27117.72265625,27117.83203125,2489805
2026-04-29 15:18:00+00:00,27117.205078125,27127.021484375,27117.205078125,27123.60546875,2280045
2026-04-29 15:19:00+00:00,27123.337890625,27123.337890625,27114.404296875,27114.404296875,2365117
2026-04-29 15:20:00+00:00,27130.181640625,27131.048828125,27124.865234375,27131.048828125,2795575
2026-04-29 15:21:00+00:00,27134.15625,27134.51953125,27126.41796875,27129.984375,2319698
2026-04-29 15:22:00+00:00,27132.236328125,27136.71875,27132.1328125,27136.71875,2670463
2026-04-29 15:23:00+00:00,27132.716796875,27132.716796875,27129.841796875,27129.841796875,2261464
2026-04-29 15:24:00+00:00,27133.125,27139.419921875,27132.271484375,27135.091796875,1891586
2026-04-29 15:25:00+00:00,27139.45703125,27141.548828125,27135.775390625,27135.775390625,2147220
2026-04-29 15:26:00+00:00,27145.017578125,27145.017578125,27137.70703125,27142.84375,1982327
2026-04-29 15:27:00+00:00,27138.384765625,27147.001953125,27138.384765625,27146.716796875,2946954
2026-04-29 15:28:00+00:00,27136.158203125,27138.5703125,27129.140625,27138.5703125,2352305
2026-04-29 15:29:00+00:00,27147.2265625,27149.326171875,27134.40625,27138.763671875,1910372
2026-04-29 15:30:00+00:00,27157.36328125,27157.36328125,27148.876953125,27152.3828125,2613532
2026-04-29 15:31:00+00:00,27157.916015625,27160.48046875,27153.169921875,27157.78125,2962910
2026-04-29 15:32:00+00:00,27148.53125,27157.1796875,27139.744140625,27157.1796875,4021603
2026-04-29 15:33:00+00:00,27153.38671875,27154.060546875,27149.126953125,27149.76171875,2145919
2026-04-29 15:34:00+00:00,27151.755859375,27151.86328125,27146.15625,27151.86328125,2386885
2026-04-29 15:35:00+00:00,27159.98828125,27160.939453125,27155.419921875,27158.22265625,2592840
2026-04-29 15:36:00+00:00,27156.751953125,27160.416015625,27155.779296875,27159.947265625,2615273
2026-04-29 15:37:00+00:00,27150.68359375,27161.95703125,27149.638671875,27156.9140625,2758998
2026-04-29 15:38:00+00:00,27144.359375,27151.912109375,27141.85546875,27150.2890625,2067482
2026-04-29 15:39:00+00:00,27146.73828125,27148.318359375,27142.5703125,27144.271484375,1917371
2026-04-29 15:40:00+00:00,27146.646484375,27152.939453125,27145.123046875,27149.8984375,1924633
2026-04-29 15:41:00+00:00,27139.99609375,27146.39453125,27139.99609375,27144.150390625,1713736
2026-04-29 15:42:00+00:00,27147.60546875,27147.60546875,27137.18359375,27137.92578125,1794373
2026-04-29 15:43:00+00:00,27150.521484375,27155.376953125,27148.2421875,27148.2421875,2130028
2026-04-29 15:44:00+00:00,27145.107421875,27150.65625,27142.888671875,27150.65625,2245090
2026-04-29 15:45:00+00:00,27158.546875,27158.546875,27144.029296875,27144.029296875,1730961
2026-04-29 15:46:00+00:00,27160.412109375,27160.4140625,27158.921875,27159.15234375,1923665
2026-04-29 15:47:00+00:00,27160.439453125,27163.107421875,27159.087890625,27159.453125,2016379
2026-04-29 15:48:00+00:00,27146.189453125,27156.244140625,27146.189453125,27156.244140625,2171774
2026-04-29 15:49:00+00:00,27150.671875,27151.611328125,27143.07421875,27145.19140625,1802993
2026-04-29 15:50:00+00:00,27151.125,27152.302734375,27149.173828125,27151.576171875,1602798
2026-04-29 15:51:00+00:00,27138.6953125,27152.01953125,27124.681640625,27148.546875,3477703
2026-04-29 15:52:00+00:00,27124.0390625,27140.826171875,27116.29296875,27137.94921875,2256864
2026-04-29 15:53:00+00:00,27102.19921875,27125.509765625,27102.19921875,27125.142578125,2015814
2026-04-29 15:54:00+00:00,27080.767578125,27089.16015625,27075.283203125,27089.16015625,3236257
2026-04-29 15:55:00+00:00,27092.220703125,27092.220703125,27074.083984375,27088.529296875,3586952
2026-04-29 15:56:00+00:00,27088.142578125,27101.65625,27088.142578125,27101.65625,2215302
2026-04-29 15:57:00+00:00,27081.037109375,27086.47265625,27081.037109375,27085.068359375,1853411
2026-04-29 15:58:00+00:00,27099.283203125,27099.283203125,27081.51171875,27081.51171875,2047681
2026-04-29 15:59:00+00:00,27108.931640625,27108.931640625,27092.546875,27101.2734375,1876330
2026-04-29 16:00:00+00:00,27101.982421875,27106.14453125,27101.982421875,27106.05078125,1743195
2026-04-29 16:01:00+00:00,27114.390625,27114.390625,27099.564453125,27101.03125,2071972
2026-04-29 16:02:00+00:00,27112.236328125,27120.451171875,27110.25390625,27115.9921875,1877870
2026-04-29 16:03:00+00:00,27113.671875,27113.880859375,27105.015625,27111.681640625,6480860
2026-04-29 16:04:00+00:00,27116.80078125,27116.80078125,27112.873046875,27113.154296875,1688351
2026-04-29 16:05:00+00:00,27122.55859375,27123.359375,27114.4296875,27116.720703125,1659047
2026-04-29 16:06:00+00:00,27124.20703125,27129.70703125,27118.837890625,27121.392578125,2330990
2026-04-29 16:07:00+00:00,27126.81640625,27126.81640625,27115.990234375,27124.232421875,1892272
2026-04-29 16:08:00+00:00,27133.171875,27133.171875,27126.712890625,27126.7734375,1581790
2026-04-29 16:09:00+00:00,27122.498046875,27133.544921875,27121.662109375,27133.544921875,1463114
2026-04-29 16:10:00+00:00,27132.15234375,27132.15234375,27119.0625,27121.48828125,1428597
2026-04-29 16:11:00+00:00,27124.0,27133.94921875,27124.0,27132.58984375,1529340
2026-04-29 16:12:00+00:00,27122.908203125,27124.025390625,27117.98046875,27124.025390625,1714395
2026-04-29 16:13:00+00:00,27123.177734375,27128.544921875,27121.560546875,27123.6015625,1401892
2026-04-29 16:14:00+00:00,27115.052734375,27122.291015625,27115.052734375,27122.291015625,1733988
2026-04-29 16:15:00+00:00,27117.169921875,27121.48828125,27111.478515625,27114.18359375,1764803
2026-04-29 16:16:00+00:00,27107.28125,27116.4921875,27107.28125,27116.4921875,1712616
2026-04-29 16:17:00+00:00,27097.705078125,27107.765625,27097.705078125,27107.765625,1509611
2026-04-29 16:18:00+00:00,27090.8984375,27097.947265625,27087.921875,27097.947265625,2943525
2026-04-29 16:19:00+00:00,27075.236328125,27091.470703125,27073.572265625,27091.470703125,1140861
2026-04-29 16:20:00+00:00,27081.40234375,27084.51953125,27070.458984375,27073.033203125,3364119
2026-04-29 16:21:00+00:00,27080.474609375,27089.755859375,27080.474609375,27084.314453125,939990
2026-04-29 16:22:00+00:00,27078.080078125,27080.1171875,27077.9453125,27079.265625,2480691
2026-04-29 16:23:00+00:00,27085.470703125,27085.470703125,27076.12890625,27076.12890625,893868
2026-04-29 16:24:00+00:00,27088.5234375,27094.314453125,27086.146484375,27086.556640625,2715556
2026-04-29 16:25:00+00:00,27076.048828125,27090.623046875,27076.048828125,27089.58984375,815756
2026-04-29 16:26:00+00:00,27082.259765625,27082.375,27075.34765625,27076.513671875,2904121
2026-04-29 16:27:00+00:00,27076.068359375,27084.873046875,27076.068359375,27080.072265625,1000638
2026-04-29 16:28:00+00:00,27075.6171875,27076.91015625,27071.736328125,27076.421875,2824183
2026-04-29 16:29:00+00:00,27065.671875,27076.15625,27065.384765625,27074.185546875,1033267
2026-04-29 16:30:00+00:00,27049.30078125,27061.08203125,27049.30078125,27061.08203125,3941935
2026-04-29 16:31:00+00:00,27035.087890625,27048.796875,27033.5546875,27045.572265625,1111555
2026-04-29 16:32:00+00:00,27042.748046875,27043.935546875,27029.716796875,27036.994140625,3692846
2026-04-29 16:33:00+00:00,27035.908203125,27049.298828125,27035.908203125,27045.078125,1202357
2026-04-29 16:34:00+00:00,27030.07421875,27033.1640625,27024.8671875,27033.1640625,1793925
2026-04-29 16:35:00+00:00,27030.650390625,27034.154296875,27026.43359375,27030.310546875,1832534
2026-04-29 16:36:00+00:00,27025.23828125,27040.955078125,27023.640625,27033.005859375,2315694
2026-04-29 16:37:00+00:00,27029.580078125,27035.8203125,27026.51171875,27026.59375,1833353
2026-04-29 16:38:00+00:00,27040.83984375,27040.83984375,27031.3125,27031.3125,1887796
2026-04-29 16:39:00+00:00,27051.46484375,27051.46484375,27043.205078125,27043.205078125,2247006
2026-04-29 16:40:00+00:00,27073.08984375,27074.0234375,27057.35546875,27057.35546875,2729506
2026-04-29 16:41:00+00:00,27060.49609375,27074.125,27057.349609375,27074.125,1953628
2026-04-29 16:42:00+00:00,27061.294921875,27065.533203125,27060.01171875,27060.01171875,1769687
2026-04-29 16:43:00+00:00,27066.04296875,27066.04296875,27059.265625,27061.181640625,1856322
2026-04-29 16:44:00+00:00,27070.361328125,27070.361328125,27064.005859375,27066.25,1882119
2026-04-29 16:45:00+00:00,27061.677734375,27070.482421875,27061.677734375,27070.328125,1635226
2026-04-29 16:46:00+00:00,27070.662109375,27072.322265625,27066.70703125,27066.70703125,1834610
2026-04-29 16:47:00+00:00,27070.904296875,27071.24609375,27068.390625,27068.65234375,1555708
2026-04-29 16:48:00+00:00,27067.103515625,27067.736328125,27064.046875,27067.259765625,1786758
2026-04-29 16:49:00+00:00,27073.81640625,27075.896484375,27068.521484375,27068.826171875,2592184
2026-04-29 16:50:00+00:00,27077.88671875,27078.326171875,27065.68359375,27068.115234375,802633
2026-04-29 16:51:00+00:00,27085.783203125,27085.783203125,27081.5703125,27081.5703125,2824066
2026-04-29 16:52:00+00:00,27081.09375,27086.265625,27078.07421875,27086.265625,824352
2026-04-29 16:53:00+00:00,27069.283203125,27081.384765625,27069.283203125,27081.384765625,2730269
2026-04-29 16:54:00+00:00,27068.98828125,27072.837890625,27066.7734375,27066.7734375,803071
2026-04-29 16:55:00+00:00,27073.85546875,27073.85546875,27068.6015625,27068.6484375,2302733
2026-04-29 16:56:00+00:00,27064.58984375,27077.1875,27064.58984375,27073.904296875,892127
2026-04-29 16:57:00+00:00,27058.677734375,27061.474609375,27056.5078125,27060.90234375,3181645
2026-04-29 16:58:00+00:00,27062.625,27063.099609375,27057.244140625,27061.154296875,947281
2026-04-29 16:59:00+00:00,27063.98828125,27063.98828125,27053.494140625,27062.283203125,2538548
2026-04-29 17:00:00+00:00,27067.001953125,27068.662109375,27064.78515625,27066.115234375,840731
2026-04-29 17:01:00+00:00,27050.8984375,27066.1015625,27050.8984375,27065.90625,2767421
2026-04-29 17:02:00+00:00,27053.107421875,27053.107421875,27048.46875,27048.626953125,835978
2026-04-29 17:03:00+00:00,27042.177734375,27054.400390625,27042.0546875,27053.94140625,2606910
2026-04-29 17:04:00+00:00,27053.435546875,27054.373046875,27041.716796875,27041.716796875,963081
2026-04-29 17:05:00+00:00,27060.341796875,27061.58984375,27051.916015625,27054.615234375,1764998
2026-04-29 17:06:00+00:00,27061.931640625,27062.9140625,27059.265625,27060.228515625,1429283
2026-04-29 17:07:00+00:00,27068.615234375,27068.615234375,27060.255859375,27061.6796875,1335060
2026-04-29 17:08:00+00:00,27066.51953125,27070.5625,27066.51953125,27069.126953125,1409077
2026-04-29 17:09:00+00:00,27070.54296875,27070.54296875,27066.404296875,27067.1640625,1266657
2026-04-29 17:10:00+00:00,27079.869140625,27079.869140625,27070.78515625,27070.78515625,1339773
2026-04-29 17:11:00+00:00,27076.48046875,27083.119140625,27076.48046875,27081.017578125,1751607
2026-04-29 17:12:00+00:00,27069.357421875,27077.978515625,27069.314453125,27076.064453125,1577926
2026-04-29 17:13:00+00:00,27068.203125,27071.439453125,27068.203125,27069.63671875,1454387
2026-04-29 17:14:00+00:00,27072.291015625,27072.96875,27065.53125,27069.171875,1173436
2026-04-29 17:15:00+00:00,27064.216796875,27071.580078125,27062.19921875,27071.197265625,1332705
2026-04-29 17:16:00+00:00,27069.455078125,27069.955078125,27064.318359375,27064.318359375,1928474
2026-04-29 17:17:00+00:00,27080.896484375,27082.509765625,27070.734375,27070.734375,633781
2026-04-29 17:18:00+00:00,27074.76953125,27081.626953125,27074.76953125,27081.626953125,2134502
2026-04-29 17:19:00+00:00,27073.193359375,27073.193359375,27070.60546875,27071.9765625,671872
2026-04-29 17:20:00+00:00,27082.0859375,27089.677734375,27077.935546875,27077.935546875,2878370
2026-04-29 17:21:00+00:00,27081.12109375,27082.857421875,27079.150390625,27079.150390625,703778
2026-04-29 17:22:00+00:00,27079.34375,27082.501953125,27079.32421875,27081.392578125,1223277
2026-04-29 17:23:00+00:00,27084.138671875,27085.2734375,27078.63671875,27078.63671875,1204449
2026-04-29 17:24:00+00:00,27073.611328125,27084.263671875,27073.611328125,27084.263671875,1369899
2026-04-29 17:25:00+00:00,27071.59375,27073.025390625,27068.181640625,27072.955078125,1197106
2026-04-29 17:26:00+00:00,27069.421875,27073.98046875,27068.267578125,27072.984375,1275476
2026-04-29 17:27:00+00:00,27063.271484375,27068.2421875,27061.853515625,27068.2421875,1514628
2026-04-29 17:28:00+00:00,27069.57421875,27070.06640625,27061.96875,27062.587890625,1459900
2026-04-29 17:29:00+00:00,27077.740234375,27077.740234375,27066.927734375,27068.310546875,1510937
2026-04-29 17:30:00+00:00,27080.271484375,27083.029296875,27077.513671875,27083.029296875,1553137
2026-04-29 17:31:00+00:00,27088.515625,27090.76171875,27077.8203125,27081.8828125,1279964
2026-04-29 17:32:00+00:00,27088.822265625,27088.822265625,27082.642578125,27084.494140625,1599182
2026-04-29 17:33:00+00:00,27091.791015625,27091.791015625,27085.904296875,27088.154296875,1308457
2026-04-29 17:34:00+00:00,27080.25390625,27092.818359375,27080.25390625,27092.818359375,1495085
2026-04-29 17:35:00+00:00,27081.248046875,27081.349609375,27078.35546875,27080.759765625,1369260
2026-04-29 17:36:00+00:00,27087.30078125,27087.443359375,27080.25,27081.48828125,1286529
2026-04-29 17:37:00+00:00,27087.65625,27087.65625,27082.521484375,27087.44921875,1786900
2026-04-29 17:38:00+00:00,27084.86328125,27084.869140625,27080.125,27084.869140625,1320771
2026-04-29 17:39:00+00:00,27086.0625,27089.4375,27085.806640625,27086.677734375,1937523
2026-04-29 17:40:00+00:00,27080.802734375,27087.82421875,27080.802734375,27086.8203125,932815
2026-04-29 17:41:00+00:00,27075.68359375,27079.966796875,27072.421875,27079.966796875,2189442
2026-04-29 17:42:00+00:00,27079.041015625,27079.318359375,27075.962890625,27076.63671875,754842
2026-04-29 17:43:00+00:00,27076.951171875,27079.501953125,27074.90234375,27078.6328125,1960549
2026-04-29 17:44:00+00:00,27085.69921875,27085.998046875,27079.45703125,27079.45703125,644909
2026-04-29 17:45:00+00:00,27089.3515625,27089.755859375,27086.244140625,27086.244140625,2011842
2026-04-29 17:46:00+00:00,27086.728515625,27090.76171875,27086.728515625,27090.76171875,640364
2026-04-29 17:47:00+00:00,27085.173828125,27086.435546875,27082.98046875,27086.435546875,1716101
2026-04-29 17:48:00+00:00,27103.953125,27108.705078125,27087.052734375,27087.052734375,873963
2026-04-29 17:49:00+00:00,27103.84375,27107.970703125,27098.4296875,27104.205078125,2352832
2026-04-29 17:50:00+00:00,27108.16796875,27108.986328125,27102.2578125,27103.8203125,761928
2026-04-29 17:51:00+00:00,27113.173828125,27117.607421875,27110.29296875,27111.16796875,2344891
2026-04-29 17:52:00+00:00,27111.1484375,27117.8671875,27111.1484375,27114.529296875,804442
2026-04-29 17:53:00+00:00,27105.232421875,27109.798828125,27104.892578125,27109.798828125,1668733
2026-04-29 17:54:00+00:00,27101.884765625,27104.515625,27098.6015625,27103.875,1871835
2026-04-29 17:55:00+00:00,27101.1640625,27101.48046875,27099.142578125,27101.095703125,1645528
2026-04-29 17:56:00+00:00,27103.9609375,27107.9296875,27101.849609375,27101.849609375,1553752
2026-04-29 17:57:00+00:00,27101.478515625,27104.3828125,27101.478515625,27103.283203125,1526053
2026-04-29 17:58:00+00:00,27109.921875,27109.921875,27101.21875,27103.771484375,1396226
2026-04-29 17:59:00+00:00,27112.990234375,27112.990234375,27109.9609375,27111.615234375,1428146
2026-04-29 18:00:00+00:00,27093.2421875,27116.0546875,27089.853515625,27114.15234375,2202873
2026-04-29 18:01:00+00:00,27096.46484375,27099.5625,27088.53515625,27092.89453125,1664759
2026-04-29 18:02:00+00:00,27084.4296875,27095.669921875,27084.4296875,27095.669921875,1943536
2026-04-29 18:03:00+00:00,27074.662109375,27078.923828125,27071.099609375,27078.923828125,1985933
2026-04-29 18:04:00+00:00,27067.248046875,27071.2578125,27065.28125,27071.2578125,1867974
2026-04-29 18:05:00+00:00,27065.65625,27070.404296875,27064.005859375,27068.52734375,1771857
2026-04-29 18:06:00+00:00,27073.708984375,27075.244140625,27066.455078125,27067.138671875,1695880
2026-04-29 18:07:00+00:00,27078.0703125,27087.76953125,27065.126953125,27071.38671875,2342441
2026-04-29 18:08:00+00:00,27050.216796875,27078.658203125,27050.216796875,27078.658203125,3212989
2026-04-29 18:09:00+00:00,27044.564453125,27049.169921875,27043.470703125,27049.169921875,1034614
2026-04-29 18:10:00+00:00,27037.208984375,27046.080078125,27028.05859375,27043.677734375,3590738
2026-04-29 18:11:00+00:00,27047.84765625,27047.88671875,27042.1875,27044.7734375,1047296
2026-04-29 18:12:00+00:00,27049.62109375,27055.70703125,27047.150390625,27048.337890625,2961479
2026-04-29 18:13:00+00:00,27063.1953125,27063.1953125,27050.376953125,27051.107421875,884732
2026-04-29 18:14:00+00:00,27059.888671875,27062.58984375,27054.27734375,27062.58984375,2489717
2026-04-29 18:15:00+00:00,27070.923828125,27070.923828125,27056.83984375,27058.1875,1561274
2026-04-29 18:16:00+00:00,27083.783203125,27086.966796875,27074.15625,27074.15625,5318897
2026-04-29 18:17:00+00:00,27093.587890625,27097.7265625,27083.79296875,27083.986328125,1084336
2026-04-29 18:18:00+00:00,27097.537109375,27102.607421875,27093.609375,27093.609375,4550115
2026-04-29 18:19:00+00:00,27087.9453125,27096.939453125,27087.9453125,27095.70703125,1297358
2026-04-29 18:20:00+00:00,27097.662109375,27097.662109375,27086.05078125,27087.66015625,4020230
2026-04-29 18:21:00+00:00,27094.826171875,27099.03515625,27094.826171875,27098.703125,963970
2026-04-29 18:22:00+00:00,27086.59375,27095.060546875,27086.59375,27093.923828125,3821152
2026-04-29 18:23:00+00:00,27095.77734375,27097.771484375,27085.041015625,27086.22265625,1028531
2026-04-29 18:24:00+00:00,27092.4921875,27095.857421875,27092.4921875,27093.998046875,2057495
2026-04-29 18:25:00+00:00,27080.599609375,27092.818359375,27080.09765625,27092.818359375,2747255
2026-04-29 18:26:00+00:00,27076.73046875,27079.4609375,27075.462890625,27079.4609375,870596
2026-04-29 18:27:00+00:00,27081.556640625,27083.669921875,27076.1953125,27076.1953125,3032935
2026-04-29 18:28:00+00:00,27078.15625,27080.1484375,27077.203125,27079.40234375,720650
2026-04-29 18:29:00+00:00,27076.6015625,27077.498046875,27075.03515625,27077.498046875,2155826
2026-04-29 18:30:00+00:00,27063.80859375,27078.111328125,27063.630859375,27076.25390625,1120998
2026-04-29 18:31:00+00:00,27053.5625,27060.76171875,27050.728515625,27058.392578125,3496580
2026-04-29 18:32:00+00:00,27063.0703125,27063.0703125,27052.41796875,27053.556640625,832889
2026-04-29 18:33:00+00:00,27075.01171875,27076.66015625,27067.58203125,27067.58203125,2844927
2026-04-29 18:34:00+00:00,27072.677734375,27075.525390625,27066.830078125,27075.525390625,831320
2026-04-29 18:35:00+00:00,27090.90625,27100.59375,27071.78515625,27071.78515625,3667538
2026-04-29 18:36:00+00:00,27118.3046875,27125.7421875,27093.14453125,27093.14453125,1398919
2026-04-29 18:37:00+00:00,27094.765625,27117.513671875,27083.015625,27117.23046875,4933023
2026-04-29 18:38:00+00:00,27087.70703125,27098.853515625,27086.6171875,27098.853515625,777190
2026-04-29 18:39:00+00:00,27086.912109375,27091.8828125,27084.4765625,27087.845703125,2193412
2026-04-29 18:40:00+00:00,27085.21875,27085.76171875,27074.357421875,27083.158203125,1091641
2026-04-29 18:41:00+00:00,27078.814453125,27085.412109375,27078.015625,27084.673828125,1643295
2026-04-29 18:42:00+00:00,27082.47265625,27082.47265625,27074.73828125,27078.890625,1660869
2026-04-29 18:43:00+00:00,27080.80859375,27085.16796875,27077.59765625,27083.240234375,1784365
2026-04-29 18:44:00+00:00,27058.056640625,27080.560546875,27058.056640625,27080.560546875,2396940
2026-04-29 18:45:00+00:00,27065.7421875,27065.7421875,27045.666015625,27058.205078125,2303795
2026-04-29 18:46:00+00:00,27068.8984375,27072.900390625,27059.919921875,27066.1875,2056483
2026-04-29 18:47:00+00:00,27092.4140625,27096.62890625,27070.068359375,27070.068359375,2172550
2026-04-29 18:48:00+00:00,27095.7890625,27095.7890625,27091.287109375,27093.5078125,1757305
2026-04-29 18:49:00+00:00,27104.55859375,27106.29296875,27096.12109375,27096.12109375,1775183
2026-04-29 18:50:00+00:00,27119.662109375,27122.275390625,27104.720703125,27104.720703125,2055099
2026-04-29 18:51:00+00:00,27123.517578125,27126.810546875,27119.5546875,27119.5546875,2009376
2026-04-29 18:52:00+00:00,27129.046875,27129.046875,27121.576171875,27123.767578125,1855636
2026-04-29 18:53:00+00:00,27121.51171875,27132.3671875,27121.51171875,27131.23046875,2416112
2026-04-29 18:54:00+00:00,27118.0390625,27124.130859375,27116.7734375,27124.130859375,2154734
2026-04-29 18:55:00+00:00,27139.716796875,27139.76171875,27117.6171875,27118.00390625,2226758
2026-04-29 18:56:00+00:00,27141.390625,27145.767578125,27139.55078125,27139.55078125,4174773
2026-04-29 18:57:00+00:00,27147.40234375,27150.998046875,27141.021484375,27141.021484375,1256668
2026-04-29 18:58:00+00:00,27154.365234375,27157.255859375,27145.162109375,27147.404296875,4974427
2026-04-29 18:59:00+00:00,27160.548828125,27162.6171875,27156.126953125,27156.126953125,915861
2026-04-29 19:00:00+00:00,27162.85546875,27169.390625,27160.4609375,27160.4609375,5531608
2026-04-29 19:01:00+00:00,27159.615234375,27162.4375,27155.890625,27161.630859375,938944
2026-04-29 19:02:00+00:00,27146.7421875,27157.2265625,27146.14453125,27157.078125,3452161
2026-04-29 19:03:00+00:00,27152.7421875,27152.7421875,27144.623046875,27145.7421875,1277102
2026-04-29 19:04:00+00:00,27151.37890625,27160.431640625,27151.37890625,27151.6171875,3182438
2026-04-29 19:05:00+00:00,27135.603515625,27142.248046875,27134.486328125,27142.248046875,1446679
2026-04-29 19:06:00+00:00,27139.6953125,27143.091796875,27130.734375,27133.34765625,3007112
2026-04-29 19:07:00+00:00,27148.03515625,27148.212890625,27139.275390625,27139.69140625,1201998
2026-04-29 19:08:00+00:00,27151.50390625,27154.517578125,27143.986328125,27147.591796875,4801286
2026-04-29 19:09:00+00:00,27145.916015625,27153.076171875,27144.0625,27151.908203125,881300
2026-04-29 19:10:00+00:00,27147.08203125,27147.08203125,27143.0703125,27145.71484375,2839284
2026-04-29 19:11:00+00:00,27159.38671875,27164.41796875,27156.998046875,27156.998046875,1564393
2026-04-29 19:12:00+00:00,27171.16015625,27171.16015625,27159.6171875,27159.6171875,2096318
2026-04-29 19:13:00+00:00,27173.359375,27175.556640625,27168.7578125,27168.7578125,2062119
2026-04-29 19:14:00+00:00,27183.001953125,27183.001953125,27172.384765625,27173.26171875,1921436
2026-04-29 19:15:00+00:00,27194.673828125,27198.83984375,27182.529296875,27182.529296875,2739023
2026-04-29 19:16:00+00:00,27188.6015625,27193.302734375,27188.6015625,27193.302734375,3152444
2026-04-29 19:17:00+00:00,27183.65625,27194.0078125,27183.65625,27184.599609375,1288378
2026-04-29 19:18:00+00:00,27188.1328125,27191.162109375,27183.505859375,27183.505859375,3402645
2026-04-29 19:19:00+00:00,27183.2890625,27188.927734375,27183.2890625,27186.7734375,1907289
2026-04-29 19:20:00+00:00,27173.85546875,27185.31640625,27173.85546875,27183.986328125,3698285
2026-04-29 19:21:00+00:00,27170.119140625,27174.990234375,27165.90625,27170.869140625,1343007
2026-04-29 19:22:00+00:00,27171.65625,27178.666015625,27171.3515625,27171.3515625,3310159
2026-04-29 19:23:00+00:00,27169.462890625,27172.484375,27162.234375,27170.421875,1376462
2026-04-29 19:24:00+00:00,27182.998046875,27185.130859375,27170.349609375,27170.349609375,3684711
2026-04-29 19:25:00+00:00,27183.275390625,27186.23046875,27182.162109375,27185.42578125,1352348
2026-04-29 19:26:00+00:00,27184.255859375,27184.662109375,27180.0625,27181.7109375,3404825
2026-04-29 19:27:00+00:00,27187.765625,27189.642578125,27184.888671875,27185.05859375,1258905
2026-04-29 19:28:00+00:00,27182.85546875,27192.1875,27182.611328125,27189.8515625,2810437
2026-04-29 19:29:00+00:00,27178.01953125,27181.05859375,27176.82421875,27181.05859375,2413104
2026-04-29 19:30:00+00:00,27165.919921875,27176.705078125,27165.919921875,27172.83984375,3245110
2026-04-29 19:31:00+00:00,27161.048828125,27168.828125,27160.58203125,27164.396484375,2671603
2026-04-29 19:32:00+00:00,27146.1953125,27163.080078125,27146.1953125,27157.75,3058702
2026-04-29 19:33:00+00:00,27140.38671875,27147.173828125,27136.927734375,27147.173828125,2970980
2026-04-29 19:34:00+00:00,27145.04296875,27147.55078125,27139.685546875,27139.685546875,3022214
2026-04-29 19:35:00+00:00,27139.595703125,27145.11328125,27136.39453125,27144.908203125,3006363
2026-04-29 19:36:00+00:00,27152.80078125,27153.31640625,27141.072265625,27141.072265625,3410851
2026-04-29 19:37:00+00:00,27157.625,27157.794921875,27149.142578125,27151.7421875,2372952
2026-04-29 19:38:00+00:00,27157.8671875,27161.4921875,27156.3828125,27157.357421875,2186062
2026-04-29 19:39:00+00:00,27158.04296875,27159.1328125,27155.123046875,27155.123046875,2351890
2026-04-29 19:40:00+00:00,27149.626953125,27161.431640625,27149.544921875,27160.849609375,2730198
2026-04-29 19:41:00+00:00,27142.15234375,27149.724609375,27139.701171875,27149.724609375,4086652
2026-04-29 19:42:00+00:00,27145.6484375,27147.021484375,27140.6640625,27142.388671875,1652130
2026-04-29 19:43:00+00:00,27140.84375,27145.337890625,27140.619140625,27145.337890625,2463280
2026-04-29 19:44:00+00:00,27140.77734375,27144.783203125,27138.71484375,27141.59375,2609762
2026-04-29 19:45:00+00:00,27148.041015625,27149.05859375,27143.2109375,27144.57421875,3150880
2026-04-29 19:46:00+00:00,27145.642578125,27151.017578125,27145.3828125,27148.44921875,2771260
2026-04-29 19:47:00+00:00,27146.2421875,27149.4453125,27145.259765625,27145.259765625,2614000
2026-04-29 19:48:00+00:00,27142.080078125,27146.390625,27141.224609375,27146.390625,2825000
2026-04-29 19:49:00+00:00,27146.51953125,27150.998046875,27142.513671875,27142.513671875,2910000
2026-04-29 19:50:00+00:00,27132.626953125,27138.62109375,27131.712890625,27134.30078125,4535000
2026-04-29 19:51:00+00:00,27129.4453125,27139.048828125,27129.4453125,27136.318359375,6136000
2026-04-29 19:52:00+00:00,27141.4296875,27141.4296875,27131.583984375,27133.62890625,4994000
2026-04-29 19:53:00+00:00,27154.2265625,27159.0625,27145.609375,27145.609375,5851000
2026-04-29 19:54:00+00:00,27160.611328125,27161.873046875,27152.70703125,27155.1796875,6006000
2026-04-29 19:55:00+00:00,27165.103515625,27165.955078125,27151.765625,27151.765625,6920000
2026-04-29 19:56:00+00:00,27165.208984375,27165.744140625,27163.98046875,27165.59765625,6352000
2026-04-29 19:57:00+00:00,27169.173828125,27176.060546875,27163.7734375,27163.7734375,6559000
2026-04-29 19:58:00+00:00,27156.380859375,27173.6953125,27156.380859375,27169.333984375,7032000
2026-04-29 19:59:00+00:00,27188.96875,27189.609375,27157.185546875,27157.185546875,6210000
2026-04-30 13:30:00+00:00,27299.7890625,27313.919921875,27286.52734375,27313.919921875,0
2026-04-30 13:31:00+00:00,27259.291015625,27292.669921875,27259.123046875,27292.669921875,11439758
2026-04-30 13:32:00+00:00,27268.111328125,27275.626953125,27261.509765625,27270.63671875,12802595
2026-04-30 13:33:00+00:00,27233.69921875,27289.41015625,27233.69921875,27268.283203125,12280373
2026-04-30 13:34:00+00:00,27218.927734375,27227.728515625,27211.599609375,27227.728515625,8184198
2026-04-30 13:35:00+00:00,27199.923828125,27211.734375,27198.095703125,27201.94140625,8303703
2026-04-30 13:36:00+00:00,27217.005859375,27228.58984375,27201.953125,27204.91015625,8304805
2026-04-30 13:37:00+00:00,27185.939453125,27233.794921875,27185.939453125,27213.517578125,7288172
2026-04-30 13:38:00+00:00,27179.2109375,27185.763671875,27174.298828125,27182.158203125,6552808
2026-04-30 13:39:00+00:00,27168.265625,27183.787109375,27168.265625,27180.876953125,5640952
2026-04-30 13:40:00+00:00,27154.33203125,27166.126953125,27140.125,27166.126953125,6386431
2026-04-30 13:41:00+00:00,27147.9375,27157.81640625,27132.755859375,27147.185546875,6813238
2026-04-30 13:42:00+00:00,27165.376953125,27168.220703125,27144.0,27144.0,6626247
2026-04-30 13:43:00+00:00,27199.794921875,27199.794921875,27172.345703125,27172.345703125,6101443
2026-04-30 13:44:00+00:00,27216.658203125,27216.658203125,27196.685546875,27200.65625,5776361
2026-04-30 13:45:00+00:00,27221.849609375,27221.849609375,27200.326171875,27202.013671875,5985305
2026-04-30 13:46:00+00:00,27177.734375,27228.4765625,27177.734375,27228.4765625,6003268
2026-04-30 13:47:00+00:00,27188.859375,27188.859375,27167.4296875,27169.30078125,6546855
2026-04-30 13:48:00+00:00,27189.7890625,27196.37890625,27177.263671875,27194.171875,5547791
2026-04-30 13:49:00+00:00,27200.41015625,27201.3125,27181.251953125,27189.056640625,4726699
2026-04-30 13:50:00+00:00,27195.4921875,27210.146484375,27195.4921875,27202.09375,5260016
2026-04-30 13:51:00+00:00,27148.4765625,27182.0703125,27148.4765625,27182.0703125,5673358
2026-04-30 13:52:00+00:00,27132.810546875,27152.083984375,27132.810546875,27139.19140625,5751181
2026-04-30 13:53:00+00:00,27138.9921875,27155.115234375,27132.796875,27132.796875,5502564
2026-04-30 13:54:00+00:00,27113.654296875,27132.771484375,27113.654296875,27126.39453125,5158008
2026-04-30 13:55:00+00:00,27109.998046875,27117.275390625,27104.638671875,27111.66015625,6061354
2026-04-30 13:56:00+00:00,27108.2109375,27124.69921875,27105.62109375,27124.69921875,5064500
2026-04-30 13:57:00+00:00,27083.142578125,27121.23046875,27083.142578125,27109.814453125,4696160
2026-04-30 13:58:00+00:00,27102.236328125,27103.634765625,27077.80859375,27077.80859375,5248460
2026-04-30 13:59:00+00:00,27114.515625,27125.01953125,27107.03125,27107.03125,4951503
2026-04-30 14:00:00+00:00,27125.240234375,27129.166015625,27110.439453125,27110.9921875,5384276
2026-04-30 14:01:00+00:00,27152.359375,27152.359375,27126.451171875,27126.451171875,5055004
2026-04-30 14:02:00+00:00,27160.970703125,27166.32421875,27151.36328125,27151.36328125,5376098
2026-04-30 14:03:00+00:00,27164.96875,27164.96875,27152.810546875,27160.08984375,4588939
2026-04-30 14:04:00+00:00,27153.458984375,27160.595703125,27142.603515625,27156.546875,5191903
2026-04-30 14:05:00+00:00,27147.119140625,27160.525390625,27147.119140625,27153.60546875,4753241
2026-04-30 14:06:00+00:00,27132.169921875,27162.181640625,27132.169921875,27138.650390625,4483454
2026-04-30 14:07:00+00:00,27130.82421875,27142.41015625,27123.533203125,27129.708984375,5649102
2026-04-30 14:08:00+00:00,27077.44140625,27128.68359375,27077.44140625,27128.68359375,4759309
2026-04-30 14:09:00+00:00,27091.671875,27096.77734375,27078.2421875,27078.2421875,4686826
2026-04-30 14:10:00+00:00,27079.6640625,27097.19140625,27075.7421875,27094.32421875,4693860
2026-04-30 14:11:00+00:00,27075.037109375,27081.583984375,27071.869140625,27074.41796875,4372180
2026-04-30 14:12:00+00:00,27100.201171875,27108.435546875,27084.98046875,27084.98046875,4875869
2026-04-30 14:13:00+00:00,27126.40234375,27135.150390625,27099.43359375,27099.43359375,4267850
2026-04-30 14:14:00+00:00,27116.96484375,27132.5390625,27115.076171875,27127.798828125,4506232
2026-04-30 14:15:00+00:00,27091.66015625,27107.6171875,27087.958984375,27107.6171875,5094098
2026-04-30 14:16:00+00:00,27036.81640625,27087.6796875,27036.81640625,27087.6796875,5543390
2026-04-30 14:17:00+00:00,27040.849609375,27051.013671875,27030.1484375,27037.69140625,7071484
2026-04-30 14:18:00+00:00,27061.431640625,27061.97265625,27038.7265625,27038.7265625,6004316
2026-04-30 14:19:00+00:00,27078.390625,27078.390625,27062.671875,27068.52734375,4113452
2026-04-30 14:20:00+00:00,27082.892578125,27097.603515625,27078.638671875,27078.638671875,4686719
2026-04-30 14:21:00+00:00,27079.53515625,27092.869140625,27076.234375,27082.658203125,3738632
2026-04-30 14:22:00+00:00,27119.783203125,27119.783203125,27074.359375,27082.2109375,3398325
2026-04-30 14:23:00+00:00,27098.037109375,27121.05859375,27098.037109375,27119.185546875,3582574
2026-04-30 14:24:00+00:00,27102.96875,27104.95703125,27090.20703125,27098.68359375,3671692
2026-04-30 14:25:00+00:00,27085.583984375,27105.056640625,27085.583984375,27096.943359375,3675084
2026-04-30 14:26:00+00:00,27060.552734375,27080.6796875,27060.552734375,27080.6796875,4134276
2026-04-30 14:27:00+00:00,27062.103515625,27062.103515625,27054.703125,27057.18359375,4644140
2026-04-30 14:28:00+00:00,27086.150390625,27087.330078125,27064.640625,27064.640625,3836711
2026-04-30 14:29:00+00:00,27096.86328125,27096.86328125,27079.26171875,27079.26171875,3602293
2026-04-30 14:30:00+00:00,27109.634765625,27109.634765625,27070.1640625,27079.537109375,4248159
2026-04-30 14:31:00+00:00,27124.03515625,27126.48828125,27113.611328125,27119.08984375,3968334
2026-04-30 14:32:00+00:00,27126.841796875,27136.65234375,27122.70703125,27122.70703125,3790488
2026-04-30 14:33:00+00:00,27100.103515625,27131.3828125,27100.103515625,27131.3828125,3252819
2026-04-30 14:34:00+00:00,27077.115234375,27092.240234375,27070.23046875,27092.240234375,3720802
2026-04-30 14:35:00+00:00,27093.646484375,27093.646484375,27076.802734375,27086.220703125,4151503
2026-04-30 14:36:00+00:00,27058.173828125,27082.80078125,27051.33984375,27081.33203125,3501338
2026-04-30 14:37:00+00:00,27066.361328125,27066.361328125,27045.994140625,27058.470703125,4823492
2026-04-30 14:38:00+00:00,27069.439453125,27076.0390625,27066.59375,27067.0,5714896
2026-04-30 14:39:00+00:00,27038.947265625,27054.2890625,27038.947265625,27053.583984375,4212757
2026-04-30 14:40:00+00:00,27064.375,27072.625,27041.990234375,27041.990234375,4204926
2026-04-30 14:41:00+00:00,27090.720703125,27090.720703125,27059.931640625,27059.931640625,3540835
2026-04-30 14:42:00+00:00,27096.7265625,27100.716796875,27091.3828125,27099.796875,3758500
2026-04-30 14:43:00+00:00,27112.595703125,27114.193359375,27099.666015625,27099.666015625,3742435
2026-04-30 14:44:00+00:00,27112.12109375,27119.45703125,27104.1015625,27104.1015625,4322431
2026-04-30 14:45:00+00:00,27123.8046875,27125.40625,27117.4140625,27120.599609375,3671421
2026-04-30 14:46:00+00:00,27152.94921875,27153.845703125,27127.91015625,27127.91015625,3502468
2026-04-30 14:47:00+00:00,27157.447265625,27159.18359375,27150.837890625,27157.1796875,3468472
2026-04-30 14:48:00+00:00,27158.46875,27162.169921875,27152.564453125,27158.78125,3725598
2026-04-30 14:49:00+00:00,27150.13671875,27158.044921875,27148.21875,27148.21875,3052782
2026-04-30 14:50:00+00:00,27154.90625,27160.431640625,27145.185546875,27145.296875,3161843
2026-04-30 14:51:00+00:00,27184.4375,27184.4375,27149.947265625,27152.3671875,3489821
2026-04-30 14:52:00+00:00,27200.51171875,27200.51171875,27186.658203125,27191.765625,3209192
2026-04-30 14:53:00+00:00,27200.4765625,27200.94140625,27192.181640625,27192.181640625,2624931
2026-04-30 14:54:00+00:00,27214.9453125,27215.4296875,27201.44140625,27206.015625,3300864
2026-04-30 14:55:00+00:00,27219.255859375,27225.48046875,27206.658203125,27206.658203125,2967097
2026-04-30 14:56:00+00:00,27222.2734375,27223.802734375,27216.708984375,27223.802734375,3003567
2026-04-30 14:57:00+00:00,27235.90234375,27239.228515625,27223.783203125,27223.783203125,3308852
2026-04-30 14:58:00+00:00,27240.390625,27240.390625,27230.544921875,27237.390625,3598835
2026-04-30 14:59:00+00:00,27229.9609375,27241.984375,27229.9609375,27238.6953125,3318716
2026-04-30 15:00:00+00:00,27251.408203125,27256.30078125,27230.58203125,27230.58203125,3811182
2026-04-30 15:01:00+00:00,27271.869140625,27271.869140625,27253.9296875,27253.9296875,3950402
2026-04-30 15:02:00+00:00,27245.15625,27265.51953125,27243.654296875,27265.51953125,3725309
2026-04-30 15:03:00+00:00,27240.4140625,27254.603515625,27240.154296875,27246.109375,3513813
2026-04-30 15:04:00+00:00,27247.923828125,27248.759765625,27233.4296875,27241.490234375,3157952
2026-04-30 15:05:00+00:00,27236.556640625,27245.556640625,27236.556640625,27240.650390625,2664064
2026-04-30 15:06:00+00:00,27230.677734375,27239.029296875,27229.21484375,27239.029296875,3738489
2026-04-30 15:07:00+00:00,27254.271484375,27254.271484375,27229.435546875,27232.703125,3112827
2026-04-30 15:08:00+00:00,27258.5859375,27263.263671875,27252.8203125,27252.8203125,3700050
2026-04-30 15:09:00+00:00,27268.23828125,27268.23828125,27258.509765625,27261.23828125,3984825
2026-04-30 15:10:00+00:00,27274.998046875,27278.193359375,27264.6328125,27273.97265625,3687066
2026-04-30 15:11:00+00:00,27279.16796875,27280.658203125,27266.935546875,27277.693359375,3233237
2026-04-30 15:12:00+00:00,27256.48828125,27271.9375,27256.48828125,27271.9375,3357096
2026-04-30 15:13:00+00:00,27251.88671875,27252.017578125,27245.42578125,27249.34375,3574319
2026-04-30 15:14:00+00:00,27268.9609375,27268.9609375,27246.73046875,27252.515625,2551485
2026-04-30 15:15:00+00:00,27265.720703125,27275.29296875,27265.720703125,27268.359375,3445461
2026-04-30 15:16:00+00:00,27262.306640625,27268.431640625,27258.318359375,27261.11328125,2779819
2026-04-30 15:17:00+00:00,27269.462890625,27274.8671875,27258.6953125,27262.5078125,3420174
2026-04-30 15:18:00+00:00,27263.1953125,27267.572265625,27259.705078125,27267.572265625,2598300
2026-04-30 15:19:00+00:00,27262.115234375,27262.787109375,27255.501953125,27259.15625,2822944
2026-04-30 15:20:00+00:00,27264.978515625,27267.119140625,27262.87890625,27264.208984375,3160602
2026-04-30 15:21:00+00:00,27247.46484375,27266.6171875,27247.46484375,27266.6171875,2556807
2026-04-30 15:22:00+00:00,27248.232421875,27253.0625,27246.876953125,27248.18359375,3137897
2026-04-30 15:23:00+00:00,27258.654296875,27258.654296875,27246.931640625,27246.931640625,3019367
2026-04-30 15:24:00+00:00,27261.853515625,27265.3046875,27258.244140625,27258.244140625,3065699
2026-04-30 15:25:00+00:00,27266.4140625,27269.177734375,27259.09765625,27260.328125,3089578
2026-04-30 15:26:00+00:00,27263.259765625,27270.103515625,27261.90234375,27269.734375,2672285
2026-04-30 15:27:00+00:00,27264.935546875,27268.90234375,27259.3125,27259.3125,2546224
2026-04-30 15:28:00+00:00,27262.30859375,27269.755859375,27262.30859375,27268.416015625,2824014
2026-04-30 15:29:00+00:00,27273.552734375,27282.197265625,27265.125,27265.125,2530262
2026-04-30 15:30:00+00:00,27290.83984375,27290.83984375,27274.05859375,27274.05859375,2809880
2026-04-30 15:31:00+00:00,27294.87890625,27303.685546875,27287.595703125,27287.92578125,2822383
2026-04-30 15:32:00+00:00,27282.162109375,27301.154296875,27281.923828125,27301.154296875,3066070
2026-04-30 15:33:00+00:00,27284.60546875,27285.072265625,27280.03515625,27280.03515625,2686449
2026-04-30 15:34:00+00:00,27278.984375,27283.111328125,27275.1640625,27283.111328125,2793857
2026-04-30 15:35:00+00:00,27260.23828125,27267.78125,27258.46484375,27267.78125,2977994
2026-04-30 15:36:00+00:00,27259.185546875,27260.599609375,27248.95703125,27260.599609375,2363049
2026-04-30 15:37:00+00:00,27239.06640625,27258.431640625,27238.5625,27258.431640625,2810489
2026-04-30 15:38:00+00:00,27241.89453125,27242.041015625,27230.78515625,27237.6796875,3431057
2026-04-30 15:39:00+00:00,27234.931640625,27240.93359375,27233.712890625,27240.93359375,2246660
2026-04-30 15:40:00+00:00,27224.86328125,27236.0,27224.63671875,27236.0,2174214
2026-04-30 15:41:00+00:00,27237.29296875,27240.515625,27229.7578125,27229.7578125,2408350
2026-04-30 15:42:00+00:00,27222.4140625,27235.064453125,27222.4140625,27235.064453125,2101648
2026-04-30 15:43:00+00:00,27233.28515625,27233.62109375,27223.177734375,27223.177734375,2055717
2026-04-30 15:44:00+00:00,27231.185546875,27236.1953125,27228.654296875,27233.970703125,1942011
2026-04-30 15:45:00+00:00,27215.724609375,27225.943359375,27212.41796875,27225.943359375,2103099
2026-04-30 15:46:00+00:00,27213.05078125,27222.171875,27213.05078125,27217.349609375,1926068
2026-04-30 15:47:00+00:00,27202.4140625,27214.12890625,27201.109375,27214.12890625,2233453
2026-04-30 15:48:00+00:00,27230.201171875,27230.201171875,27201.427734375,27201.427734375,2209904
2026-04-30 15:49:00+00:00,27233.890625,27233.890625,27228.4140625,27230.67578125,1929300
2026-04-30 15:50:00+00:00,27252.630859375,27252.630859375,27237.97265625,27238.8125,2428895
2026-04-30 15:51:00+00:00,27257.5234375,27260.9609375,27248.361328125,27251.2109375,2403637
2026-04-30 15:52:00+00:00,27257.009765625,27258.625,27253.025390625,27256.818359375,2224840
2026-04-30 15:53:00+00:00,27261.39453125,27263.5546875,27252.361328125,27258.08203125,2066556
2026-04-30 15:54:00+00:00,27272.375,27276.44921875,27263.39453125,27263.39453125,2250371
2026-04-30 15:55:00+00:00,27278.796875,27284.375,27275.91796875,27275.91796875,2042445
2026-04-30 15:56:00+00:00,27273.208984375,27283.83203125,27272.251953125,27280.875,2175273
2026-04-30 15:57:00+00:00,27269.21875,27274.513671875,27267.708984375,27274.037109375,1844786
2026-04-30 15:58:00+00:00,27267.564453125,27273.142578125,27266.7265625,27270.517578125,1881974
2026-04-30 15:59:00+00:00,27254.083984375,27261.986328125,27254.083984375,27260.65234375,2077742
2026-04-30 16:00:00+00:00,27255.349609375,27255.349609375,27245.130859375,27247.0078125,1967382
2026-04-30 16:01:00+00:00,27243.22265625,27256.720703125,27243.22265625,27253.92578125,2885247
2026-04-30 16:02:00+00:00,27233.11328125,27242.212890625,27228.572265625,27242.212890625,1567279
2026-04-30 16:03:00+00:00,27242.796875,27242.796875,27231.0703125,27231.0703125,2761624
2026-04-30 16:04:00+00:00,27252.884765625,27255.6171875,27246.40625,27246.40625,1005370
2026-04-30 16:05:00+00:00,27262.7109375,27262.7109375,27251.748046875,27251.857421875,2837198
2026-04-30 16:06:00+00:00,27266.29296875,27268.044921875,27256.12890625,27260.578125,1025662
2026-04-30 16:07:00+00:00,27264.486328125,27266.857421875,27260.623046875,27263.62109375,1959341
2026-04-30 16:08:00+00:00,27268.83203125,27274.029296875,27266.69140625,27266.69140625,1905350
2026-04-30 16:09:00+00:00,27257.748046875,27267.751953125,27257.748046875,27267.751953125,2021318
2026-04-30 16:10:00+00:00,27258.82421875,27265.982421875,27253.912109375,27257.048828125,1713752
2026-04-30 16:11:00+00:00,27271.765625,27271.765625,27258.66015625,27258.66015625,2066952
2026-04-30 16:12:00+00:00,27278.939453125,27279.51953125,27271.818359375,27271.818359375,1847409
2026-04-30 16:13:00+00:00,27293.287109375,27296.828125,27283.091796875,27283.091796875,1733922
2026-04-30 16:14:00+00:00,27299.578125,27299.578125,27292.048828125,27292.94921875,3601947
2026-04-30 16:15:00+00:00,27287.064453125,27299.84375,27287.064453125,27299.84375,942863
2026-04-30 16:16:00+00:00,27279.130859375,27284.556640625,27278.189453125,27284.556640625,3536270
2026-04-30 16:17:00+00:00,27283.400390625,27288.05078125,27277.6484375,27278.3203125,1216618
2026-04-30 16:18:00+00:00,27292.19140625,27292.287109375,27283.35546875,27283.35546875,4236349
2026-04-30 16:19:00+00:00,27294.859375,27295.13671875,27283.0078125,27286.212890625,729056
2026-04-30 16:20:00+00:00,27287.765625,27297.013671875,27287.765625,27294.48828125,2982215
2026-04-30 16:21:00+00:00,27285.34765625,27290.662109375,27285.34765625,27289.4453125,815992
2026-04-30 16:22:00+00:00,27295.6875,27295.6875,27283.015625,27283.494140625,1701915
2026-04-30 16:23:00+00:00,27282.71875,27293.955078125,27282.71875,27293.955078125,1804212
2026-04-30 16:24:00+00:00,27275.85546875,27286.046875,27275.85546875,27280.4765625,1749541
2026-04-30 16:25:00+00:00,27270.59765625,27273.533203125,27262.748046875,27273.533203125,2760072
2026-04-30 16:26:00+00:00,27277.615234375,27277.615234375,27271.623046875,27271.623046875,1995261
2026-04-30 16:27:00+00:00,27274.3984375,27278.669921875,27274.3984375,27277.326171875,2152428
2026-04-30 16:28:00+00:00,27274.984375,27276.287109375,27274.314453125,27274.966796875,1686691
2026-04-30 16:29:00+00:00,27282.109375,27282.2265625,27274.54296875,27276.83984375,2356034
2026-04-30 16:30:00+00:00,27285.384765625,27290.23046875,27285.384765625,27285.62890625,1992274
2026-04-30 16:31:00+00:00,27282.744140625,27286.529296875,27280.16015625,27283.126953125,2158329
2026-04-30 16:32:00+00:00,27289.509765625,27289.509765625,27279.8984375,27280.669921875,1652681
2026-04-30 16:33:00+00:00,27288.220703125,27290.6328125,27286.08984375,27289.251953125,1869721
2026-04-30 16:34:00+00:00,27282.66015625,27287.228515625,27280.869140625,27285.962890625,1722567
2026-04-30 16:35:00+00:00,27284.76171875,27284.923828125,27277.517578125,27283.20703125,1908615
2026-04-30 16:36:00+00:00,27281.2109375,27286.18359375,27277.041015625,27286.18359375,2025514
2026-04-30 16:37:00+00:00,27273.677734375,27283.13671875,27273.27734375,27281.912109375,2578473
2026-04-30 16:38:00+00:00,27282.64453125,27282.828125,27273.244140625,27273.244140625,947993
2026-04-30 16:39:00+00:00,27289.119140625,27289.119140625,27279.560546875,27279.560546875,2645411
2026-04-30 16:40:00+00:00,27283.02734375,27289.2734375,27282.787109375,27289.2734375,938410
2026-04-30 16:41:00+00:00,27278.7109375,27284.103515625,27277.5234375,27283.662109375,2912969
2026-04-30 16:42:00+00:00,27272.544921875,27280.349609375,27272.544921875,27277.896484375,1730476
2026-04-30 16:43:00+00:00,27273.365234375,27276.55078125,27273.06640625,27274.494140625,2650447
2026-04-30 16:44:00+00:00,27259.859375,27274.833984375,27259.6640625,27272.9921875,884596
2026-04-30 16:45:00+00:00,27252.40625,27259.716796875,27250.412109375,27259.716796875,3921733
2026-04-30 16:46:00+00:00,27257.568359375,27258.154296875,27249.095703125,27250.23828125,1174421
2026-04-30 16:47:00+00:00,27260.853515625,27262.0625,27257.966796875,27257.966796875,2751334
2026-04-30 16:48:00+00:00,27255.783203125,27258.9765625,27254.271484375,27254.568359375,1085588
2026-04-30 16:49:00+00:00,27263.703125,27265.986328125,27255.515625,27255.515625,2812344
2026-04-30 16:50:00+00:00,27258.953125,27263.59375,27258.953125,27261.6640625,923002
2026-04-30 16:51:00+00:00,27245.72265625,27258.634765625,27245.59765625,27258.634765625,2407609
2026-04-30 16:52:00+00:00,27244.673828125,27250.1015625,27242.318359375,27250.1015625,789417
2026-04-30 16:53:00+00:00,27241.662109375,27245.373046875,27238.658203125,27245.373046875,1881075
2026-04-30 16:54:00+00:00,27237.85546875,27239.228515625,27227.939453125,27239.228515625,2866588
2026-04-30 16:55:00+00:00,27224.955078125,27236.736328125,27224.36328125,27236.736328125,1640725
2026-04-30 16:56:00+00:00,27227.431640625,27229.87109375,27223.80078125,27223.80078125,1875788
2026-04-30 16:57:00+00:00,27218.97265625,27223.130859375,27217.568359375,27223.130859375,2040411
2026-04-30 16:58:00+00:00,27231.4921875,27232.228515625,27218.6875,27220.228515625,1709485
2026-04-30 16:59:00+00:00,27233.453125,27238.41796875,27233.453125,27233.98828125,1908417
2026-04-30 17:00:00+00:00,27265.865234375,27266.072265625,27235.552734375,27235.552734375,2153826
2026-04-30 17:01:00+00:00,27285.1171875,27285.1171875,27264.568359375,27266.4375,2716195
2026-04-30 17:02:00+00:00,27272.716796875,27285.109375,27272.716796875,27285.109375,2936012
2026-04-30 17:03:00+00:00,27270.9453125,27280.3203125,27270.9453125,27275.15625,2421796
2026-04-30 17:04:00+00:00,27277.96484375,27278.044921875,27270.85546875,27270.927734375,2816279
2026-04-30 17:05:00+00:00,27279.1953125,27279.962890625,27274.701171875,27279.669921875,875313
2026-04-30 17:06:00+00:00,27275.078125,27280.37109375,27271.34375,27278.259765625,2705065
2026-04-30 17:07:00+00:00,27282.09765625,27282.470703125,27273.677734375,27277.6328125,758116
2026-04-30 17:08:00+00:00,27290.779296875,27292.74609375,27283.982421875,27286.044921875,2970040
2026-04-30 17:09:00+00:00,27293.6875,27295.46484375,27291.263671875,27291.263671875,955114
2026-04-30 17:10:00+00:00,27303.103515625,27304.349609375,27291.376953125,27291.376953125,1818500
2026-04-30 17:11:00+00:00,27303.533203125,27305.623046875,27301.208984375,27304.255859375,2074274
2026-04-30 17:12:00+00:00,27301.0859375,27310.205078125,27301.01953125,27305.19140625,2068658
2026-04-30 17:13:00+00:00,27315.884765625,27317.537109375,27303.171875,27303.171875,3126339
2026-04-30 17:14:00+00:00,27316.279296875,27317.83984375,27313.935546875,27314.6796875,2353127
2026-04-30 17:15:00+00:00,27306.765625,27313.822265625,27306.765625,27313.822265625,1970069
2026-04-30 17:16:00+00:00,27305.990234375,27306.392578125,27302.67578125,27306.392578125,2199270
2026-04-30 17:17:00+00:00,27299.30078125,27307.634765625,27299.30078125,27306.166015625,1801250
2026-04-30 17:18:00+00:00,27303.3828125,27303.3828125,27293.3671875,27297.91015625,1699899
2026-04-30 17:19:00+00:00,27305.17578125,27307.9375,27300.541015625,27304.53515625,1675556
2026-04-30 17:20:00+00:00,27309.146484375,27311.912109375,27304.744140625,27306.421875,2124419
2026-04-30 17:21:00+00:00,27308.228515625,27310.43359375,27306.7734375,27309.173828125,1848278
2026-04-30 17:22:00+00:00,27302.8515625,27310.51171875,27302.6484375,27307.7109375,2224983
2026-04-30 17:23:00+00:00,27310.138671875,27310.4140625,27299.2734375,27302.140625,1799324
2026-04-30 17:24:00+00:00,27318.220703125,27318.220703125,27305.173828125,27309.087890625,1647406
2026-04-30 17:25:00+00:00,27316.583984375,27319.4921875,27315.318359375,27316.4140625,2422636
2026-04-30 17:26:00+00:00,27311.779296875,27319.478515625,27309.771484375,27318.537109375,821063
2026-04-30 17:27:00+00:00,27313.498046875,27320.025390625,27313.41015625,27313.41015625,2305295
2026-04-30 17:28:00+00:00,27317.638671875,27317.638671875,27313.279296875,27313.279296875,668890
2026-04-30 17:29:00+00:00,27327.7421875,27327.7421875,27314.6953125,27316.626953125,2245773
2026-04-30 17:30:00+00:00,27356.693359375,27359.904296875,27328.01171875,27328.01171875,1418722
2026-04-30 17:31:00+00:00,27347.328125,27363.75390625,27347.328125,27359.16796875,2795176
2026-04-30 17:32:00+00:00,27350.732421875,27355.7265625,27347.4765625,27347.859375,2112985
2026-04-30 17:33:00+00:00,27344.82421875,27350.384765625,27344.82421875,27349.36328125,2150092
2026-04-30 17:34:00+00:00,27352.537109375,27353.8046875,27344.107421875,27344.89453125,1833509
2026-04-30 17:35:00+00:00,27347.947265625,27357.4296875,27347.947265625,27351.833984375,2122234
2026-04-30 17:36:00+00:00,27353.068359375,27355.353515625,27347.33203125,27347.826171875,1713280
2026-04-30 17:37:00+00:00,27359.115234375,27362.107421875,27353.86328125,27353.86328125,1708873
2026-04-30 17:38:00+00:00,27356.52734375,27362.30078125,27356.52734375,27357.99609375,2677480
2026-04-30 17:39:00+00:00,27365.716796875,27365.716796875,27354.681640625,27356.435546875,1685153
2026-04-30 17:40:00+00:00,27361.259765625,27364.4296875,27358.681640625,27364.2265625,1954096
2026-04-30 17:41:00+00:00,27361.615234375,27363.013671875,27358.857421875,27359.658203125,2845912
2026-04-30 17:42:00+00:00,27356.384765625,27367.13671875,27356.333984375,27363.81640625,960524
2026-04-30 17:43:00+00:00,27365.076171875,27365.076171875,27356.93359375,27357.3671875,2596514
2026-04-30 17:44:00+00:00,27361.12109375,27365.4921875,27361.12109375,27365.234375,715414
2026-04-30 17:45:00+00:00,27377.80859375,27377.80859375,27360.708984375,27360.708984375,2666013
2026-04-30 17:46:00+00:00,27383.48828125,27384.623046875,27379.75,27381.0546875,932870
2026-04-30 17:47:00+00:00,27380.275390625,27384.71875,27380.275390625,27382.388671875,2456117
2026-04-30 17:48:00+00:00,27382.29296875,27383.521484375,27377.322265625,27379.6875,853257
2026-04-30 17:49:00+00:00,27375.41015625,27382.33203125,27374.634765625,27382.33203125,2295849
2026-04-30 17:50:00+00:00,27378.75390625,27378.75390625,27374.65234375,27374.65234375,791662
2026-04-30 17:51:00+00:00,27375.1171875,27379.724609375,27374.390625,27379.724609375,3492033
2026-04-30 17:52:00+00:00,27375.298828125,27376.1328125,27373.083984375,27373.083984375,765764
2026-04-30 17:53:00+00:00,27385.029296875,27385.482421875,27373.919921875,27375.71875,2293138
2026-04-30 17:54:00+00:00,27381.6875,27383.96484375,27380.1015625,27383.96484375,696495
2026-04-30 17:55:00+00:00,27386.08203125,27386.08203125,27381.2734375,27381.525390625,2459215
2026-04-30 17:56:00+00:00,27393.265625,27393.265625,27388.0546875,27388.0546875,883623
2026-04-30 17:57:00+00:00,27399.505859375,27403.3984375,27393.2578125,27393.2578125,1848209
2026-04-30 17:58:00+00:00,27409.97265625,27409.97265625,27399.7265625,27399.7265625,2110988
2026-04-30 17:59:00+00:00,27410.943359375,27412.736328125,27409.123046875,27410.248046875,2034707
2026-04-30 18:00:00+00:00,27435.0390625,27435.458984375,27410.0625,27410.0625,2554612
2026-04-30 18:01:00+00:00,27437.158203125,27440.728515625,27434.2734375,27435.923828125,3948512
2026-04-30 18:02:00+00:00,27440.55078125,27443.41015625,27437.19140625,27439.22265625,1319578
2026-04-30 18:03:00+00:00,27446.353515625,27447.53125,27438.2578125,27438.2578125,2304085
2026-04-30 18:04:00+00:00,27440.435546875,27445.9453125,27434.59765625,27445.9453125,3062744
2026-04-30 18:05:00+00:00,27434.060546875,27441.341796875,27433.044921875,27438.6875,2212528
2026-04-30 18:06:00+00:00,27438.28515625,27444.78125,27433.84375,27433.84375,2564727
2026-04-30 18:07:00+00:00,27433.451171875,27438.955078125,27432.892578125,27437.705078125,2060404
2026-04-30 18:08:00+00:00,27429.451171875,27434.064453125,27422.228515625,27433.048828125,2168908
2026-04-30 18:09:00+00:00,27426.9453125,27432.869140625,27426.9453125,27430.15234375,2054634
2026-04-30 18:10:00+00:00,27423.119140625,27426.814453125,27419.369140625,27426.814453125,1906947
2026-04-30 18:11:00+00:00,27422.998046875,27425.76953125,27420.490234375,27420.490234375,2043573
2026-04-30 18:12:00+00:00,27430.83984375,27433.322265625,27422.572265625,27422.572265625,2334903
2026-04-30 18:13:00+00:00,27433.482421875,27435.265625,27430.69140625,27432.240234375,1795298
2026-04-30 18:14:00+00:00,27433.56640625,27435.12109375,27431.390625,27433.8671875,1831950
2026-04-30 18:15:00+00:00,27435.509765625,27438.255859375,27434.611328125,27434.611328125,1985502
2026-04-30 18:16:00+00:00,27446.609375,27449.595703125,27435.673828125,27436.70703125,2411298
2026-04-30 18:17:00+00:00,27443.8203125,27445.40234375,27441.4140625,27445.078125,1996592
2026-04-30 18:18:00+00:00,27447.400390625,27448.75390625,27445.287109375,27445.287109375,1810573
2026-04-30 18:19:00+00:00,27432.33203125,27447.8203125,27432.3125,27447.8203125,1824936
2026-04-30 18:20:00+00:00,27434.419921875,27435.0546875,27428.9609375,27432.302734375,2229625
2026-04-30 18:21:00+00:00,27427.95703125,27433.884765625,27426.716796875,27433.884765625,2412997
2026-04-30 18:22:00+00:00,27428.619140625,27430.265625,27426.447265625,27427.3515625,1903207
2026-04-30 18:23:00+00:00,27430.916015625,27433.81640625,27427.36328125,27427.36328125,1775646
2026-04-30 18:24:00+00:00,27422.751953125,27430.859375,27421.44140625,27430.859375,1739399
2026-04-30 18:25:00+00:00,27425.150390625,27425.333984375,27421.109375,27423.056640625,1772843
2026-04-30 18:26:00+00:00,27423.267578125,27424.5078125,27420.81640625,27424.5078125,2055705
2026-04-30 18:27:00+00:00,27420.515625,27425.08203125,27420.09765625,27424.08203125,1770094
2026-04-30 18:28:00+00:00,27423.91015625,27423.91015625,27419.333984375,27419.333984375,1646544
2026-04-30 18:29:00+00:00,27429.3046875,27429.3046875,27424.50390625,27424.50390625,3107519
2026-04-30 18:30:00+00:00,27439.859375,27444.197265625,27428.150390625,27428.150390625,1058667
2026-04-30 18:31:00+00:00,27437.529296875,27439.10546875,27433.138671875,27437.640625,3314328
2026-04-30 18:32:00+00:00,27440.568359375,27440.568359375,27430.8671875,27435.81640625,932821
2026-04-30 18:33:00+00:00,27435.904296875,27439.736328125,27434.498046875,27439.736328125,3019760
2026-04-30 18:34:00+00:00,27439.1875,27439.357421875,27435.927734375,27435.927734375,824431
2026-04-30 18:35:00+00:00,27446.1640625,27447.091796875,27438.66796875,27439.37109375,3130622
2026-04-30 18:36:00+00:00,27453.3828125,27453.90234375,27442.162109375,27444.23828125,1202195
2026-04-30 18:37:00+00:00,27453.2109375,27453.2109375,27448.669921875,27451.919921875,2841726
2026-04-30 18:38:00+00:00,27448.52734375,27455.6875,27448.390625,27453.87890625,1097314
2026-04-30 18:39:00+00:00,27446.337890625,27450.107421875,27445.619140625,27447.2578125,2659972
2026-04-30 18:40:00+00:00,27447.4609375,27451.203125,27444.666015625,27444.666015625,1186861
2026-04-30 18:41:00+00:00,27447.087890625,27449.78515625,27445.443359375,27447.013671875,3228592
2026-04-30 18:42:00+00:00,27441.2265625,27447.548828125,27439.603515625,27445.65625,1159796
2026-04-30 18:43:00+00:00,27444.486328125,27445.888671875,27442.466796875,27442.818359375,3115728
2026-04-30 18:44:00+00:00,27442.814453125,27447.041015625,27441.037109375,27445.298828125,893615
2026-04-30 18:45:00+00:00,27445.806640625,27445.806640625,27439.111328125,27440.75,2174000
2026-04-30 18:46:00+00:00,27440.22265625,27446.76171875,27440.22265625,27445.48828125,2405000
2026-04-30 18:47:00+00:00,27443.87890625,27444.83984375,27440.501953125,27440.501953125,1997000
2026-04-30 18:48:00+00:00,27441.51171875,27443.775390625,27438.015625,27443.685546875,1914000
2026-04-30 18:49:00+00:00,27436.115234375,27441.173828125,27436.115234375,27441.173828125,2085000
2026-04-30 18:50:00+00:00,27434.4296875,27440.05078125,27432.576171875,27435.8203125,3408000
2026-04-30 18:51:00+00:00,27433.05078125,27435.71484375,27429.474609375,27435.71484375,1016000
2026-04-30 18:52:00+00:00,27438.28125,27439.146484375,27434.1171875,27434.41796875,2927000
2026-04-30 18:53:00+00:00,27429.240234375,27438.333984375,27429.240234375,27438.333984375,948000
2026-04-30 18:54:00+00:00,27435.982421875,27439.716796875,27429.498046875,27429.498046875,2964000
2026-04-30 18:55:00+00:00,27433.095703125,27438.46875,27433.095703125,27434.21875,971000
2026-04-30 18:56:00+00:00,27424.224609375,27430.787109375,27423.734375,27430.787109375,3108000
2026-04-30 18:57:00+00:00,27420.986328125,27424.21875,27419.796875,27424.21875,1254000
2026-04-30 18:58:00+00:00,27416.279296875,27420.5546875,27414.689453125,27419.828125,3234000
2026-04-30 18:59:00+00:00,27417.16796875,27420.029296875,27416.154296875,27416.154296875,2421000
2026-04-30 19:00:00+00:00,27421.55859375,27421.55859375,27408.85546875,27415.58984375,2771000
2026-04-30 19:01:00+00:00,27423.369140625,27429.03515625,27421.572265625,27421.572265625,3129000
2026-04-30 19:02:00+00:00,27430.638671875,27432.060546875,27423.775390625,27423.775390625,2597000
2026-04-30 19:03:00+00:00,27427.0,27432.50390625,27425.3828125,27429.76953125,2510000
2026-04-30 19:04:00+00:00,27429.658203125,27429.658203125,27422.490234375,27428.001953125,2738000
2026-04-30 19:05:00+00:00,27431.26171875,27433.185546875,27426.63671875,27430.63671875,2226000
2026-04-30 19:06:00+00:00,27441.71875,27444.419921875,27430.9921875,27430.9921875,2306000
2026-04-30 19:07:00+00:00,27445.90625,27445.90625,27435.431640625,27440.583984375,2360000
2026-04-30 19:08:00+00:00,27439.087890625,27445.94921875,27439.087890625,27445.94921875,2292000
2026-04-30 19:09:00+00:00,27443.96875,27443.96875,27437.1640625,27437.396484375,2402000
2026-04-30 19:10:00+00:00,27451.63671875,27454.373046875,27446.04296875,27446.04296875,2313000
2026-04-30 19:11:00+00:00,27454.54296875,27455.888671875,27449.533203125,27449.533203125,3484000
2026-04-30 19:12:00+00:00,27454.697265625,27456.87890625,27453.76953125,27453.76953125,1361000
2026-04-30 19:13:00+00:00,27463.486328125,27463.576171875,27454.064453125,27454.064453125,3465000
2026-04-30 19:14:00+00:00,27464.34765625,27464.34765625,27460.7109375,27462.10546875,967000
2026-04-30 19:15:00+00:00,27462.22265625,27465.142578125,27458.8828125,27465.142578125,2227000
2026-04-30 19:16:00+00:00,27464.345703125,27467.375,27460.310546875,27460.888671875,5861000
2026-04-30 19:17:00+00:00,27464.029296875,27468.12890625,27462.7265625,27464.5703125,1133000
2026-04-30 19:18:00+00:00,27461.916015625,27462.525390625,27460.0703125,27460.3984375,3873000
2026-04-30 19:19:00+00:00,27462.037109375,27466.712890625,27459.58203125,27459.58203125,1317000
2026-04-30 19:20:00+00:00,27459.783203125,27461.1640625,27454.798828125,27460.775390625,3954000
2026-04-30 19:21:00+00:00,27461.15625,27461.15625,27456.8984375,27460.75,1057000
2026-04-30 19:22:00+00:00,27462.8125,27462.9765625,27459.904296875,27460.1328125,3122000
2026-04-30 19:23:00+00:00,27464.26171875,27466.826171875,27463.705078125,27465.873046875,1194000
2026-04-30 19:24:00+00:00,27467.81640625,27467.9140625,27464.29296875,27464.33203125,3445000
2026-04-30 19:25:00+00:00,27469.767578125,27470.033203125,27466.90234375,27468.099609375,1290000
2026-04-30 19:26:00+00:00,27467.830078125,27471.939453125,27467.830078125,27471.939453125,2235000
2026-04-30 19:27:00+00:00,27464.95703125,27470.662109375,27464.95703125,27468.908203125,3406000
2026-04-30 19:28:00+00:00,27467.158203125,27468.26171875,27463.8984375,27463.8984375,1317000
2026-04-30 19:29:00+00:00,27456.845703125,27467.716796875,27456.845703125,27465.36328125,4768000
2026-04-30 19:30:00+00:00,27451.173828125,27455.451171875,27448.951171875,27454.22265625,2118000
2026-04-30 19:31:00+00:00,27455.2578125,27459.5,27452.6015625,27452.6015625,4860000
2026-04-30 19:32:00+00:00,27453.326171875,27455.068359375,27449.912109375,27455.02734375,1480000
2026-04-30 19:33:00+00:00,27460.705078125,27460.705078125,27453.029296875,27453.029296875,3127000
2026-04-30 19:34:00+00:00,27461.302734375,27462.19921875,27456.673828125,27461.0390625,3126000
2026-04-30 19:35:00+00:00,27456.94140625,27463.4765625,27456.94140625,27461.33984375,3338000
2026-04-30 19:36:00+00:00,27459.728515625,27462.83203125,27454.484375,27454.484375,3295000
2026-04-30 19:37:00+00:00,27454.33203125,27460.046875,27453.46875,27460.046875,2959000
2026-04-30 19:38:00+00:00,27456.529296875,27458.05859375,27455.244140625,27455.36328125,2513000
2026-04-30 19:39:00+00:00,27468.76953125,27469.19921875,27456.353515625,27456.353515625,3267000
2026-04-30 19:40:00+00:00,27458.705078125,27469.251953125,27458.705078125,27467.814453125,2859000
2026-04-30 19:41:00+00:00,27462.021484375,27462.880859375,27455.2109375,27457.896484375,3147000
2026-04-30 19:42:00+00:00,27467.681640625,27468.046875,27460.427734375,27460.96875,3030000
2026-04-30 19:43:00+00:00,27476.83203125,27477.140625,27467.21484375,27467.21484375,3052000
2026-04-30 19:44:00+00:00,27480.927734375,27483.38671875,27475.037109375,27475.779296875,4927000
2026-04-30 19:45:00+00:00,27472.02734375,27484.609375,27472.02734375,27480.2265625,2108000
2026-04-30 19:46:00+00:00,27471.998046875,27476.953125,27471.68359375,27473.29296875,5296000
2026-04-30 19:47:00+00:00,27472.1171875,27475.318359375,27469.931640625,27473.22265625,1725000
2026-04-30 19:48:00+00:00,27475.3359375,27475.544921875,27472.359375,27472.78515625,3301000
2026-04-30 19:49:00+00:00,27478.0703125,27480.70703125,27471.255859375,27473.052734375,3527000
2026-04-30 19:50:00+00:00,27455.892578125,27464.8359375,27455.892578125,27463.677734375,6980000
2026-04-30 19:51:00+00:00,27451.373046875,27458.876953125,27450.328125,27453.5859375,6963000
2026-04-30 19:52:00+00:00,27443.765625,27446.005859375,27436.93359375,27445.326171875,7006000
2026-04-30 19:53:00+00:00,27461.087890625,27464.515625,27446.828125,27448.322265625,7599000
2026-04-30 19:54:00+00:00,27462.33203125,27469.63671875,27455.224609375,27457.66015625,7624000
2026-04-30 19:55:00+00:00,27451.955078125,27459.86328125,27450.228515625,27459.86328125,6965000
2026-04-30 19:56:00+00:00,27449.939453125,27451.978515625,27443.185546875,27451.978515625,7154000
2026-04-30 19:57:00+00:00,27460.98046875,27461.296875,27449.134765625,27449.833984375,7099000
2026-04-30 19:58:00+00:00,27458.552734375,27458.552734375,27451.0859375,27457.232421875,6861000
2026-04-30 19:59:00+00:00,27452.439453125,27486.70703125,27452.439453125,27456.74609375,6387000
2026-05-01 13:30:00+00:00,27537.42578125,27537.42578125,27503.41015625,27503.41015625,0
2026-05-01 13:31:00+00:00,27563.27734375,27565.25390625,27534.494140625,27534.494140625,10807055
2026-05-01 13:32:00+00:00,27573.974609375,27576.1171875,27562.193359375,27563.150390625,12422415
2026-05-01 13:33:00+00:00,27595.669921875,27601.802734375,27577.734375,27577.734375,9048900
2026-05-01 13:34:00+00:00,27606.302734375,27616.009765625,27597.271484375,27597.271484375,6345478
2026-05-01 13:35:00+00:00,27608.236328125,27612.638671875,27606.513671875,27612.638671875,5857005
2026-05-01 13:36:00+00:00,27606.68359375,27607.763671875,27601.8515625,27602.109375,6044194
2026-05-01 13:37:00+00:00,27612.6328125,27626.65625,27604.38671875,27613.494140625,5330291
2026-05-01 13:38:00+00:00,27620.171875,27624.169921875,27605.115234375,27617.630859375,5895665
2026-05-01 13:39:00+00:00,27649.537109375,27649.537109375,27627.095703125,27630.04296875,5526564
2026-05-01 13:40:00+00:00,27665.970703125,27665.970703125,27651.4140625,27651.4140625,6096361
2026-05-01 13:41:00+00:00,27659.328125,27665.609375,27658.703125,27663.197265625,5942523
2026-05-01 13:42:00+00:00,27646.6640625,27657.5546875,27636.171875,27646.8125,5159534
2026-05-01 13:43:00+00:00,27643.71484375,27648.263671875,27643.22265625,27643.22265625,4385798
2026-05-01 13:44:00+00:00,27657.748046875,27659.38671875,27649.01171875,27651.53125,4982105
2026-05-01 13:45:00+00:00,27641.236328125,27662.015625,27633.15625,27662.015625,4950643
2026-05-01 13:46:00+00:00,27639.61328125,27648.1015625,27634.61328125,27648.1015625,4945705
2026-05-01 13:47:00+00:00,27626.228515625,27651.791015625,27626.228515625,27640.44140625,4665892
2026-05-01 13:48:00+00:00,27652.626953125,27655.67578125,27635.900390625,27635.900390625,4012437
2026-05-01 13:49:00+00:00,27652.791015625,27660.001953125,27652.076171875,27659.21875,4592802
2026-05-01 13:50:00+00:00,27678.046875,27680.33203125,27636.26171875,27655.275390625,5201526
2026-05-01 13:51:00+00:00,27665.703125,27679.369140625,27664.328125,27679.369140625,6295031
2026-05-01 13:52:00+00:00,27667.365234375,27677.638671875,27659.810546875,27670.541015625,4149515
2026-05-01 13:53:00+00:00,27661.32421875,27667.48046875,27659.619140625,27665.166015625,3877208
2026-05-01 13:54:00+00:00,27668.623046875,27681.515625,27666.8515625,27666.8515625,3677566
2026-05-01 13:55:00+00:00,27711.296875,27722.263671875,27670.69921875,27672.046875,4860171
2026-05-01 13:56:00+00:00,27698.18359375,27714.408203125,27696.75390625,27714.408203125,5093081
2026-05-01 13:57:00+00:00,27715.5546875,27717.857421875,27702.919921875,27702.919921875,4025743
2026-05-01 13:58:00+00:00,27725.7265625,27725.7265625,27712.193359375,27724.767578125,3866004
2026-05-01 13:59:00+00:00,27741.2890625,27741.2890625,27721.642578125,27721.642578125,4454388
2026-05-01 14:00:00+00:00,27739.30859375,27751.126953125,27734.724609375,27751.126953125,5882132
2026-05-01 14:01:00+00:00,27757.70703125,27764.5,27739.369140625,27739.369140625,6137130
2026-05-01 14:02:00+00:00,27759.494140625,27762.74609375,27746.29296875,27762.74609375,4907835
2026-05-01 14:03:00+00:00,27772.806640625,27772.806640625,27755.234375,27757.08984375,4392906
2026-05-01 14:04:00+00:00,27760.9609375,27775.91015625,27755.69140625,27771.880859375,5306206
2026-05-01 14:05:00+00:00,27741.046875,27762.607421875,27731.98828125,27762.607421875,4800654
2026-05-01 14:06:00+00:00,27752.076171875,27759.18359375,27740.486328125,27741.20703125,4635387
2026-05-01 14:07:00+00:00,27758.703125,27761.5,27750.1171875,27758.146484375,4515093
2026-05-01 14:08:00+00:00,27748.4609375,27752.298828125,27739.658203125,27752.298828125,4085907
2026-05-01 14:09:00+00:00,27753.841796875,27758.90234375,27746.357421875,27746.357421875,4104282
2026-05-01 14:10:00+00:00,27747.734375,27757.01171875,27746.75390625,27753.25,4521896
2026-05-01 14:11:00+00:00,27754.7109375,27755.478515625,27744.388671875,27747.837890625,4264576
2026-05-01 14:12:00+00:00,27767.228515625,27772.63671875,27746.779296875,27755.19921875,4057955
2026-05-01 14:13:00+00:00,27764.619140625,27776.271484375,27764.619140625,27769.486328125,3952620
2026-05-01 14:14:00+00:00,27763.69140625,27767.662109375,27757.79296875,27766.78125,3859258
2026-05-01 14:15:00+00:00,27744.787109375,27759.26171875,27744.787109375,27758.158203125,3294210
2026-05-01 14:16:00+00:00,27748.703125,27758.998046875,27742.55078125,27742.55078125,4719790
2026-05-01 14:17:00+00:00,27747.009765625,27756.12890625,27745.80859375,27748.966796875,3325509
2026-05-01 14:18:00+00:00,27735.59375,27742.15234375,27733.63671875,27741.333984375,3771398
2026-05-01 14:19:00+00:00,27744.095703125,27748.380859375,27732.875,27732.875,3173375
2026-05-01 14:20:00+00:00,27753.966796875,27755.111328125,27750.275390625,27750.275390625,3114475
2026-05-01 14:21:00+00:00,27763.125,27767.79296875,27750.1328125,27750.1328125,3393163
2026-05-01 14:22:00+00:00,27773.826171875,27776.482421875,27760.23828125,27760.23828125,3881556
2026-05-01 14:23:00+00:00,27767.54296875,27777.14453125,27759.939453125,27771.080078125,3436749
2026-05-01 14:24:00+00:00,27760.7265625,27771.71484375,27758.97265625,27763.75,3132887
2026-05-01 14:25:00+00:00,27754.671875,27759.556640625,27744.396484375,27755.205078125,3014562
2026-05-01 14:26:00+00:00,27754.705078125,27757.193359375,27748.970703125,27755.25,3542087
2026-05-01 14:27:00+00:00,27754.083984375,27759.330078125,27749.912109375,27753.486328125,3010253
2026-05-01 14:28:00+00:00,27754.61328125,27756.33984375,27750.603515625,27754.408203125,3387765
2026-05-01 14:29:00+00:00,27744.443359375,27753.927734375,27741.908203125,27753.5625,3038196
2026-05-01 14:30:00+00:00,27718.50390625,27741.74609375,27718.50390625,27741.74609375,4346369
2026-05-01 14:31:00+00:00,27710.099609375,27713.22265625,27708.029296875,27711.236328125,4970936
2026-05-01 14:32:00+00:00,27704.322265625,27724.6484375,27703.224609375,27724.6484375,4583596
2026-05-01 14:33:00+00:00,27711.501953125,27717.26171875,27699.904296875,27705.3359375,3968463
2026-05-01 14:34:00+00:00,27679.884765625,27701.43359375,27677.291015625,27701.43359375,4253232
2026-05-01 14:35:00+00:00,27675.75,27687.5546875,27675.75,27679.560546875,4409854
2026-05-01 14:36:00+00:00,27648.16796875,27656.6640625,27645.904296875,27652.578125,4288940
2026-05-01 14:37:00+00:00,27630.876953125,27659.70703125,27630.876953125,27647.84765625,3670927
2026-05-01 14:38:00+00:00,27661.287109375,27661.287109375,27638.642578125,27638.642578125,3422070
2026-05-01 14:39:00+00:00,27670.060546875,27677.3671875,27656.78125,27662.18359375,3646633
2026-05-01 14:40:00+00:00,27677.259765625,27678.455078125,27660.87109375,27672.669921875,3380455
2026-05-01 14:41:00+00:00,27666.560546875,27673.607421875,27664.888671875,27670.052734375,2765294
2026-05-01 14:42:00+00:00,27669.251953125,27675.078125,27658.50390625,27660.462890625,2740437
2026-05-01 14:43:00+00:00,27702.61328125,27702.61328125,27676.560546875,27676.560546875,3031741
2026-05-01 14:44:00+00:00,27693.00390625,27709.208984375,27693.00390625,27709.208984375,3072229
2026-05-01 14:45:00+00:00,27695.48828125,27695.48828125,27686.484375,27688.142578125,2730501
2026-05-01 14:46:00+00:00,27700.7890625,27707.232421875,27696.955078125,27700.07421875,2410585
2026-05-01 14:47:00+00:00,27699.408203125,27711.654296875,27699.408203125,27701.828125,2718368
2026-05-01 14:48:00+00:00,27706.669921875,27711.43359375,27696.32421875,27698.935546875,2472606
2026-05-01 14:49:00+00:00,27703.412109375,27705.986328125,27703.412109375,27705.705078125,3144536
2026-05-01 14:50:00+00:00,27670.517578125,27695.173828125,27670.517578125,27695.173828125,3129024
2026-05-01 14:51:00+00:00,27701.134765625,27701.134765625,27668.740234375,27668.740234375,2454519
2026-05-01 14:52:00+00:00,27705.1875,27709.359375,27694.958984375,27703.466796875,2744829
2026-05-01 14:53:00+00:00,27706.41796875,27711.51171875,27704.3125,27705.453125,2850937
2026-05-01 14:54:00+00:00,27700.408203125,27709.134765625,27700.408203125,27705.14453125,2841211
2026-05-01 14:55:00+00:00,27708.517578125,27712.634765625,27696.509765625,27696.509765625,2619762
2026-05-01 14:56:00+00:00,27713.421875,27718.416015625,27708.197265625,27709.88671875,5245574
2026-05-01 14:57:00+00:00,27703.83984375,27713.177734375,27703.130859375,27708.767578125,2905099
2026-05-01 14:58:00+00:00,27694.5703125,27703.685546875,27690.1640625,27703.685546875,2966113
2026-05-01 14:59:00+00:00,27697.421875,27704.37109375,27692.236328125,27692.236328125,3389714
2026-05-01 15:00:00+00:00,27680.681640625,27692.08203125,27679.01953125,27689.626953125,2645078
2026-05-01 15:01:00+00:00,27665.5703125,27683.39453125,27656.41796875,27683.39453125,2607146
2026-05-01 15:02:00+00:00,27657.294921875,27667.435546875,27648.611328125,27667.435546875,2458370
2026-05-01 15:03:00+00:00,27660.90625,27666.498046875,27656.923828125,27656.923828125,2140053
2026-05-01 15:04:00+00:00,27678.126953125,27678.126953125,27659.234375,27661.787109375,2124873
2026-05-01 15:05:00+00:00,27669.287109375,27673.515625,27661.54296875,27673.515625,2436904
2026-05-01 15:06:00+00:00,27666.0078125,27681.845703125,27664.748046875,27672.79296875,2218735
2026-05-01 15:07:00+00:00,27663.326171875,27670.763671875,27661.740234375,27662.646484375,1925656
2026-05-01 15:08:00+00:00,27668.97265625,27673.51171875,27661.2734375,27661.2734375,2005153
2026-05-01 15:09:00+00:00,27675.158203125,27675.158203125,27667.181640625,27673.68359375,2035365
2026-05-01 15:10:00+00:00,27667.994140625,27678.884765625,27667.994140625,27675.853515625,1971905
2026-05-01 15:11:00+00:00,27684.50390625,27684.50390625,27671.65234375,27671.65234375,2290508
2026-05-01 15:12:00+00:00,27699.875,27699.875,27689.45703125,27689.505859375,1979843
2026-05-01 15:13:00+00:00,27705.966796875,27705.966796875,27696.33984375,27700.51171875,1834150
2026-05-01 15:14:00+00:00,27709.359375,27710.548828125,27700.25,27705.9609375,2360174
2026-05-01 15:15:00+00:00,27713.994140625,27719.728515625,27712.728515625,27715.013671875,2744062
2026-05-01 15:16:00+00:00,27706.46484375,27719.486328125,27706.46484375,27716.31640625,1719777
2026-05-01 15:17:00+00:00,27720.607421875,27720.607421875,27710.017578125,27712.419921875,2050946
2026-05-01 15:18:00+00:00,27716.94921875,27720.78515625,27716.609375,27719.29296875,2420711
2026-05-01 15:19:00+00:00,27727.115234375,27727.115234375,27716.201171875,27718.8046875,2529004
2026-05-01 15:20:00+00:00,27736.369140625,27739.181640625,27734.142578125,27734.142578125,2622654
2026-05-01 15:21:00+00:00,27734.810546875,27737.650390625,27732.662109375,27734.634765625,2408510
2026-05-01 15:22:00+00:00,27730.7578125,27733.2578125,27727.8046875,27733.2578125,2055867
2026-05-01 15:23:00+00:00,27743.93359375,27743.93359375,27732.9921875,27732.9921875,2107157
2026-05-01 15:24:00+00:00,27733.302734375,27744.51171875,27732.7890625,27744.015625,2574472
2026-05-01 15:25:00+00:00,27733.541015625,27743.2265625,27733.541015625,27737.20703125,2191677
2026-05-01 15:26:00+00:00,27740.880859375,27740.880859375,27728.154296875,27734.63671875,2685871
2026-05-01 15:27:00+00:00,27735.013671875,27739.919921875,27731.791015625,27739.5625,2842765
2026-05-01 15:28:00+00:00,27726.4765625,27735.169921875,27726.4765625,27735.169921875,2017257
2026-05-01 15:29:00+00:00,27737.486328125,27737.83984375,27729.064453125,27729.064453125,1882038
2026-05-01 15:30:00+00:00,27744.12890625,27746.037109375,27737.19140625,27737.19140625,1955044
2026-05-01 15:31:00+00:00,27738.173828125,27746.83984375,27738.173828125,27744.15234375,2041550
2026-05-01 15:32:00+00:00,27743.5546875,27743.5546875,27730.05859375,27735.52734375,2054355
2026-05-01 15:33:00+00:00,27742.775390625,27749.658203125,27742.775390625,27745.662109375,2787081
2026-05-01 15:34:00+00:00,27740.583984375,27745.267578125,27739.763671875,27739.763671875,2167118
2026-05-01 15:35:00+00:00,27739.240234375,27742.173828125,27737.572265625,27737.572265625,1717660
2026-05-01 15:36:00+00:00,27745.296875,27745.296875,27735.5546875,27738.880859375,1871312
2026-05-01 15:37:00+00:00,27770.298828125,27773.880859375,27743.662109375,27745.7265625,1991940
2026-05-01 15:38:00+00:00,27764.8203125,27769.869140625,27764.8203125,27768.689453125,3530337
2026-05-01 15:39:00+00:00,27764.447265625,27770.67578125,27762.65234375,27764.333984375,1950655
2026-05-01 15:40:00+00:00,27770.92578125,27770.92578125,27766.080078125,27767.8046875,1943974
2026-05-01 15:41:00+00:00,27766.72265625,27770.72265625,27762.853515625,27769.947265625,1930119
2026-05-01 15:42:00+00:00,27764.607421875,27769.548828125,27762.8984375,27767.611328125,2017935
2026-05-01 15:43:00+00:00,27767.8671875,27769.6484375,27764.87890625,27764.87890625,2218636
2026-05-01 15:44:00+00:00,27767.193359375,27769.755859375,27765.447265625,27767.75,1920062
2026-05-01 15:45:00+00:00,27764.32421875,27768.3828125,27762.15625,27766.30078125,1861319
2026-05-01 15:46:00+00:00,27774.634765625,27774.634765625,27763.865234375,27763.865234375,2156794
2026-05-01 15:47:00+00:00,27780.95703125,27781.888671875,27774.9921875,27774.9921875,1986919
2026-05-01 15:48:00+00:00,27784.19921875,27784.55078125,27779.404296875,27781.4921875,1808910
2026-05-01 15:49:00+00:00,27783.279296875,27784.83203125,27780.26171875,27782.74609375,1773477
2026-05-01 15:50:00+00:00,27737.9453125,27787.0,27717.8671875,27782.37109375,2126024
2026-05-01 15:51:00+00:00,27748.32421875,27752.95703125,27736.068359375,27747.79296875,5249145
2026-05-01 15:52:00+00:00,27748.392578125,27750.583984375,27740.677734375,27750.583984375,2267286
2026-05-01 15:53:00+00:00,27739.919921875,27742.1328125,27735.328125,27742.1328125,2010455
2026-05-01 15:54:00+00:00,27751.54296875,27752.12109375,27740.3515625,27740.3515625,2155630
2026-05-01 15:55:00+00:00,27764.66796875,27765.091796875,27753.396484375,27755.513671875,2158815
2026-05-01 15:56:00+00:00,27768.71875,27768.71875,27766.142578125,27767.392578125,1715664
2026-05-01 15:57:00+00:00,27758.5,27771.26953125,27758.5,27771.26953125,1741941
2026-05-01 15:58:00+00:00,27759.20703125,27760.48046875,27755.458984375,27759.724609375,1689488
2026-05-01 15:59:00+00:00,27762.4765625,27764.52734375,27759.662109375,27759.662109375,1683301
2026-05-01 16:00:00+00:00,27760.60546875,27769.611328125,27760.60546875,27764.236328125,2602743
2026-05-01 16:01:00+00:00,27767.552734375,27769.6171875,27762.58984375,27762.58984375,1661940
2026-05-01 16:02:00+00:00,27766.55859375,27770.623046875,27765.955078125,27767.884765625,1804422
2026-05-01 16:03:00+00:00,27761.408203125,27768.353515625,27761.408203125,27765.927734375,1594266
2026-05-01 16:04:00+00:00,27755.583984375,27763.43359375,27753.841796875,27760.720703125,1542285
2026-05-01 16:05:00+00:00,27748.646484375,27761.01171875,27748.646484375,27756.9453125,1644655
2026-05-01 16:06:00+00:00,27749.53125,27751.62890625,27745.55078125,27746.63671875,1675750
2026-05-01 16:07:00+00:00,27737.564453125,27749.5078125,27734.30859375,27749.5078125,1362708
2026-05-01 16:08:00+00:00,27729.8515625,27740.822265625,27729.392578125,27738.076171875,1650174
2026-05-01 16:09:00+00:00,27719.646484375,27730.240234375,27717.671875,27728.921875,1880174
2026-05-01 16:10:00+00:00,27713.255859375,27719.572265625,27713.255859375,27718.103515625,2133419
2026-05-01 16:11:00+00:00,27726.125,27726.875,27713.3671875,27713.3671875,2551403
2026-05-01 16:12:00+00:00,27729.732421875,27733.388671875,27727.080078125,27732.326171875,652907
2026-05-01 16:13:00+00:00,27727.591796875,27733.1171875,27725.830078125,27727.240234375,2800723
2026-05-01 16:14:00+00:00,27718.087890625,27724.78515625,27718.087890625,27724.49609375,782450
2026-05-01 16:15:00+00:00,27727.669921875,27728.140625,27717.638671875,27717.638671875,4278941
2026-05-01 16:16:00+00:00,27733.056640625,27733.056640625,27729.064453125,27731.28125,878138
2026-05-01 16:17:00+00:00,27738.466796875,27738.474609375,27733.099609375,27733.099609375,2972852
2026-05-01 16:18:00+00:00,27730.384765625,27737.06640625,27730.384765625,27736.6640625,762450
2026-05-01 16:19:00+00:00,27739.09375,27739.30859375,27729.205078125,27729.205078125,2660026
2026-05-01 16:20:00+00:00,27738.734375,27742.48046875,27738.734375,27741.59375,792960
2026-05-01 16:21:00+00:00,27744.197265625,27746.3828125,27735.3203125,27738.255859375,3040910
2026-05-01 16:22:00+00:00,27747.11328125,27747.826171875,27741.5390625,27742.9296875,845078
2026-05-01 16:23:00+00:00,27713.25390625,27748.904296875,27708.2734375,27748.630859375,3508992
2026-05-01 16:24:00+00:00,27725.85546875,27727.849609375,27712.814453125,27715.05078125,1237682
2026-05-01 16:25:00+00:00,27699.626953125,27724.728515625,27698.158203125,27724.728515625,2942861
2026-05-01 16:26:00+00:00,27705.916015625,27706.853515625,27697.89453125,27700.19140625,833249
2026-05-01 16:27:00+00:00,27708.96875,27712.486328125,27703.619140625,27704.640625,1573838
2026-05-01 16:28:00+00:00,27716.349609375,27716.349609375,27707.021484375,27708.62890625,1919651
2026-05-01 16:29:00+00:00,27708.201171875,27718.263671875,27708.201171875,27718.263671875,1542513
2026-05-01 16:30:00+00:00,27713.740234375,27715.478515625,27705.33984375,27708.337890625,1595422
2026-05-01 16:31:00+00:00,27711.20703125,27714.951171875,27706.333984375,27712.2890625,1631351
2026-05-01 16:32:00+00:00,27707.8203125,27713.330078125,27706.28125,27713.330078125,1491532
2026-05-01 16:33:00+00:00,27691.6953125,27710.28515625,27688.2734375,27710.28515625,1900360
2026-05-01 16:34:00+00:00,27704.388671875,27704.54296875,27690.412109375,27693.7734375,1765025
2026-05-01 16:35:00+00:00,27708.498046875,27708.966796875,27704.400390625,27705.1015625,1612882
2026-05-01 16:36:00+00:00,27705.998046875,27708.248046875,27701.765625,27708.248046875,2383058
2026-05-01 16:37:00+00:00,27704.333984375,27711.4609375,27700.025390625,27705.326171875,1243993
2026-05-01 16:38:00+00:00,27707.814453125,27709.1875,27705.1640625,27705.1640625,1345575
2026-05-01 16:39:00+00:00,27720.095703125,27720.697265625,27708.51953125,27708.787109375,1195733
2026-05-01 16:40:00+00:00,27705.92578125,27720.927734375,27705.28515625,27718.77734375,1494655
2026-05-01 16:41:00+00:00,27712.32421875,27712.32421875,27706.828125,27706.828125,1437625
2026-05-01 16:42:00+00:00,27703.47265625,27715.39453125,27703.47265625,27715.2109375,2057385
2026-05-01 16:43:00+00:00,27708.685546875,27708.685546875,27701.853515625,27702.10546875,803625
2026-05-01 16:44:00+00:00,27697.279296875,27709.29296875,27697.279296875,27709.029296875,2144190
2026-05-01 16:45:00+00:00,27704.001953125,27704.677734375,27688.71875,27694.5859375,946488
2026-05-01 16:46:00+00:00,27696.16796875,27705.43359375,27694.66796875,27705.43359375,2155477
2026-05-01 16:47:00+00:00,27692.595703125,27695.693359375,27681.162109375,27695.404296875,946280
2026-05-01 16:48:00+00:00,27684.697265625,27696.83984375,27684.697265625,27693.7890625,2312627
2026-05-01 16:49:00+00:00,27691.935546875,27692.876953125,27686.689453125,27686.716796875,851612
2026-05-01 16:50:00+00:00,27695.203125,27695.203125,27687.58203125,27692.68359375,1207402
2026-05-01 16:51:00+00:00,27700.9453125,27703.75,27696.943359375,27696.943359375,2380971
2026-05-01 16:52:00+00:00,27695.115234375,27702.650390625,27692.388671875,27702.650390625,873637
2026-05-01 16:53:00+00:00,27703.201171875,27706.50390625,27695.521484375,27696.611328125,2184976
2026-05-01 16:54:00+00:00,27713.65625,27718.197265625,27707.115234375,27707.115234375,902776
2026-05-01 16:55:00+00:00,27724.21484375,27726.060546875,27715.232421875,27715.232421875,2523883
2026-05-01 16:56:00+00:00,27720.65234375,27727.703125,27718.650390625,27723.97265625,792319
2026-05-01 16:57:00+00:00,27722.537109375,27725.208984375,27719.24609375,27719.525390625,2135095
2026-05-01 16:58:00+00:00,27722.974609375,27725.119140625,27717.484375,27722.630859375,687433
2026-05-01 16:59:00+00:00,27707.224609375,27722.841796875,27707.224609375,27722.39453125,1295913
2026-05-01 17:00:00+00:00,27711.609375,27714.146484375,27706.830078125,27706.830078125,1785483
2026-05-01 17:01:00+00:00,27720.935546875,27721.806640625,27713.072265625,27714.87109375,1230821
2026-05-01 17:02:00+00:00,27720.455078125,27721.337890625,27714.91015625,27720.8984375,1280190
2026-05-01 17:03:00+00:00,27718.732421875,27722.478515625,27718.59765625,27722.041015625,1344807
2026-05-01 17:04:00+00:00,27717.462890625,27719.0078125,27713.240234375,27719.0078125,1408976
2026-05-01 17:05:00+00:00,27718.55859375,27718.55859375,27716.796875,27717.580078125,1707145
2026-05-01 17:06:00+00:00,27724.978515625,27724.978515625,27718.494140625,27719.41796875,1344922
2026-05-01 17:07:00+00:00,27723.376953125,27726.4296875,27722.287109375,27724.716796875,1452689
2026-05-01 17:08:00+00:00,27717.365234375,27725.357421875,27714.169921875,27723.048828125,1191536
2026-05-01 17:09:00+00:00,27717.595703125,27719.361328125,27715.5,27717.826171875,1109854
2026-05-01 17:10:00+00:00,27721.98046875,27724.798828125,27717.662109375,27717.662109375,1396222
2026-05-01 17:11:00+00:00,27724.748046875,27726.283203125,27720.04296875,27721.826171875,1569432
2026-05-01 17:12:00+00:00,27724.12109375,27725.728515625,27720.708984375,27723.57421875,1196604
2026-05-01 17:13:00+00:00,27725.103515625,27725.7734375,27722.21875,27724.390625,1454220
2026-05-01 17:14:00+00:00,27730.853515625,27730.853515625,27725.12109375,27725.12109375,2111958
2026-05-01 17:15:00+00:00,27737.669921875,27739.25,27731.6875,27731.6875,1087292
2026-05-01 17:16:00+00:00,27740.73046875,27741.982421875,27738.830078125,27738.830078125,2535865
2026-05-01 17:17:00+00:00,27738.4375,27739.865234375,27734.525390625,27736.2734375,818866
2026-05-01 17:18:00+00:00,27745.353515625,27745.353515625,27739.087890625,27739.087890625,1983152
2026-05-01 17:19:00+00:00,27751.443359375,27751.443359375,27745.857421875,27746.138671875,812226
2026-05-01 17:20:00+00:00,27747.60546875,27754.12890625,27747.60546875,27751.7109375,2052950
2026-05-01 17:21:00+00:00,27755.5234375,27756.771484375,27746.154296875,27746.154296875,711157
2026-05-01 17:22:00+00:00,27757.00390625,27759.291015625,27754.748046875,27757.48046875,2287978
2026-05-01 17:23:00+00:00,27756.021484375,27756.6796875,27753.84375,27756.466796875,637908
2026-05-01 17:24:00+00:00,27751.02734375,27758.927734375,27751.02734375,27756.896484375,2586668
2026-05-01 17:25:00+00:00,27751.0,27753.91796875,27749.736328125,27752.201171875,755792
2026-05-01 17:26:00+00:00,27748.33984375,27756.517578125,27748.33984375,27750.974609375,2562974
2026-05-01 17:27:00+00:00,27751.6484375,27751.6484375,27746.521484375,27747.65625,1011605
2026-05-01 17:28:00+00:00,27755.34765625,27756.923828125,27754.361328125,27755.91015625,2294031
2026-05-01 17:29:00+00:00,27759.732421875,27759.732421875,27753.716796875,27754.70703125,848883
2026-05-01 17:30:00+00:00,27757.65625,27762.697265625,27756.541015625,27760.966796875,1468853
2026-05-01 17:31:00+00:00,27752.900390625,27757.984375,27752.83203125,27757.984375,1432929
2026-05-01 17:32:00+00:00,27751.431640625,27755.833984375,27751.431640625,27752.62109375,1413595
2026-05-01 17:33:00+00:00,27754.052734375,27754.052734375,27749.61328125,27751.5,1989385
2026-05-01 17:34:00+00:00,27753.12890625,27756.537109375,27751.509765625,27753.3984375,1672188
2026-05-01 17:35:00+00:00,27749.87890625,27752.974609375,27748.9453125,27751.509765625,1583163
2026-05-01 17:36:00+00:00,27746.830078125,27750.34375,27742.369140625,27749.0625,1478350
2026-05-01 17:37:00+00:00,27743.845703125,27747.265625,27740.408203125,27747.265625,1349248
2026-05-01 17:38:00+00:00,27739.462890625,27746.2109375,27739.462890625,27744.484375,1167513
2026-05-01 17:39:00+00:00,27748.05859375,27749.896484375,27738.4453125,27739.423828125,1675562
2026-05-01 17:40:00+00:00,27753.654296875,27755.291015625,27749.44140625,27749.44140625,1824275
2026-05-01 17:41:00+00:00,27757.03515625,27758.5546875,27751.66015625,27751.66015625,2036058
2026-05-01 17:42:00+00:00,27757.703125,27761.822265625,27757.462890625,27758.5546875,1950836
2026-05-01 17:43:00+00:00,27759.705078125,27759.705078125,27754.142578125,27756.779296875,1435480
2026-05-01 17:44:00+00:00,27759.013671875,27759.61328125,27754.529296875,27759.61328125,1497059
2026-05-01 17:45:00+00:00,27760.689453125,27761.296875,27757.47265625,27759.345703125,1964966
2026-05-01 17:46:00+00:00,27762.76953125,27763.287109375,27759.740234375,27760.62890625,1488500
2026-05-01 17:47:00+00:00,27756.43359375,27762.5234375,27755.546875,27761.634765625,2489393
2026-05-01 17:48:00+00:00,27758.115234375,27758.115234375,27753.87890625,27754.767578125,803543
2026-05-01 17:49:00+00:00,27760.53515625,27761.10546875,27757.255859375,27758.349609375,1989689
2026-05-01 17:50:00+00:00,27760.1015625,27762.830078125,27760.1015625,27761.0234375,696906
2026-05-01 17:51:00+00:00,27752.044921875,27760.625,27751.70703125,27760.625,2229636
2026-05-01 17:52:00+00:00,27755.375,27756.658203125,27752.400390625,27752.400390625,802221
2026-05-01 17:53:00+00:00,27762.34375,27767.130859375,27754.76171875,27754.76171875,2476303
2026-05-01 17:54:00+00:00,27759.34765625,27766.05859375,27759.34765625,27762.546875,639134
2026-05-01 17:55:00+00:00,27764.2578125,27765.10546875,27758.896484375,27758.896484375,2793777
2026-05-01 17:56:00+00:00,27763.912109375,27767.638671875,27763.912109375,27765.150390625,755962
2026-05-01 17:57:00+00:00,27763.892578125,27766.94140625,27763.892578125,27764.0,1863900
2026-05-01 17:58:00+00:00,27763.1484375,27767.650390625,27763.1484375,27764.7734375,993350
2026-05-01 17:59:00+00:00,27759.91796875,27762.580078125,27759.81640625,27762.49609375,2254310
2026-05-01 18:00:00+00:00,27763.3125,27764.365234375,27759.58984375,27759.60546875,950545
2026-05-01 18:01:00+00:00,27761.94921875,27763.052734375,27756.552734375,27763.052734375,1787586
2026-05-01 18:02:00+00:00,27744.30859375,27763.14453125,27744.30859375,27763.14453125,1684293
2026-05-01 18:03:00+00:00,27747.15234375,27750.423828125,27744.927734375,27744.927734375,2107082
2026-05-01 18:04:00+00:00,27745.916015625,27751.12109375,27744.048828125,27748.40234375,1500272
2026-05-01 18:05:00+00:00,27740.12890625,27746.3515625,27736.51953125,27746.3515625,1697005
2026-05-01 18:06:00+00:00,27739.537109375,27740.94140625,27732.806640625,27739.640625,1402102
2026-05-01 18:07:00+00:00,27743.7734375,27744.146484375,27741.39453125,27742.029296875,1485308
2026-05-01 18:08:00+00:00,27751.197265625,27751.197265625,27743.2109375,27743.2109375,1446321
2026-05-01 18:09:00+00:00,27754.84765625,27756.3515625,27751.01171875,27751.01171875,1733014
2026-05-01 18:10:00+00:00,27749.994140625,27755.853515625,27749.197265625,27755.2265625,1734015
2026-05-01 18:11:00+00:00,27746.09375,27750.525390625,27744.859375,27747.82421875,2302189
2026-05-01 18:12:00+00:00,27743.236328125,27745.75390625,27739.62109375,27744.84375,1879820
2026-05-01 18:13:00+00:00,27738.5546875,27741.46875,27736.98828125,27741.46875,1880681
2026-05-01 18:14:00+00:00,27723.458984375,27739.109375,27722.64453125,27739.109375,2367868
2026-05-01 18:15:00+00:00,27724.90625,27729.96484375,27722.783203125,27722.783203125,1846057
2026-05-01 18:16:00+00:00,27716.728515625,27725.01953125,27714.935546875,27723.716796875,1784634
2026-05-01 18:17:00+00:00,27722.01953125,27722.01953125,27716.984375,27717.59765625,1656972
2026-05-01 18:18:00+00:00,27727.22265625,27727.7734375,27723.13671875,27723.13671875,2559742
2026-05-01 18:19:00+00:00,27729.41796875,27735.345703125,27728.794921875,27731.04296875,1070420
2026-05-01 18:20:00+00:00,27725.21484375,27732.111328125,27724.326171875,27728.37890625,2060331
2026-05-01 18:21:00+00:00,27726.5703125,27730.83203125,27724.681640625,27724.681640625,832133
2026-05-01 18:22:00+00:00,27736.400390625,27739.84375,27726.91015625,27726.91015625,2116607
2026-05-01 18:23:00+00:00,27738.63671875,27739.29296875,27736.009765625,27737.73046875,741316
2026-05-01 18:24:00+00:00,27743.966796875,27743.966796875,27738.09375,27739.333984375,2163071
2026-05-01 18:25:00+00:00,27735.9375,27743.171875,27735.490234375,27743.171875,864999
2026-05-01 18:26:00+00:00,27734.818359375,27739.6796875,27734.31640625,27735.52734375,2135192
2026-05-01 18:27:00+00:00,27736.392578125,27736.392578125,27731.771484375,27733.90625,679933
2026-05-01 18:28:00+00:00,27736.779296875,27743.0390625,27736.779296875,27737.63671875,1922398
2026-05-01 18:29:00+00:00,27733.990234375,27735.994140625,27733.412109375,27735.97265625,841019
2026-05-01 18:30:00+00:00,27730.603515625,27743.4921875,27730.033203125,27743.4921875,3230102
2026-05-01 18:31:00+00:00,27724.498046875,27737.8125,27724.498046875,27737.8125,1317942
2026-05-01 18:32:00+00:00,27727.34765625,27727.34765625,27722.984375,27724.68359375,2760075
2026-05-01 18:33:00+00:00,27721.00390625,27729.78125,27720.474609375,27729.78125,1017004
2026-05-01 18:34:00+00:00,27719.982421875,27723.1171875,27719.314453125,27719.947265625,1530886
2026-05-01 18:35:00+00:00,27710.05859375,27719.99609375,27709.078125,27719.99609375,1960120
2026-05-01 18:36:00+00:00,27714.771484375,27714.771484375,27709.671875,27709.671875,1657786
2026-05-01 18:37:00+00:00,27708.580078125,27718.31640625,27708.580078125,27716.380859375,1662937
2026-05-01 18:38:00+00:00,27712.916015625,27712.916015625,27706.080078125,27707.98828125,1557977
2026-05-01 18:39:00+00:00,27708.271484375,27716.271484375,27708.271484375,27712.701171875,1509093
2026-05-01 18:40:00+00:00,27708.275390625,27710.43359375,27706.345703125,27707.93359375,1482737
2026-05-01 18:41:00+00:00,27703.830078125,27710.0703125,27700.974609375,27708.078125,1455995
2026-05-01 18:42:00+00:00,27704.01953125,27704.84765625,27699.857421875,27704.525390625,1629689
2026-05-01 18:43:00+00:00,27695.453125,27706.142578125,27695.453125,27703.18359375,1587660
2026-05-01 18:44:00+00:00,27697.451171875,27697.451171875,27691.529296875,27693.54296875,1705097
2026-05-01 18:45:00+00:00,27687.279296875,27699.09375,27687.279296875,27698.259765625,1454041
2026-05-01 18:46:00+00:00,27678.736328125,27686.34765625,27672.169921875,27686.34765625,2218791
2026-05-01 18:47:00+00:00,27682.046875,27689.509765625,27680.318359375,27680.318359375,2240448
2026-05-01 18:48:00+00:00,27677.41015625,27683.84765625,27677.38671875,27681.2578125,1829978
2026-05-01 18:49:00+00:00,27683.880859375,27684.787109375,27676.24609375,27677.2578125,2517012
2026-05-01 18:50:00+00:00,27688.005859375,27688.005859375,27683.236328125,27686.26171875,817000
2026-05-01 18:51:00+00:00,27685.1328125,27693.513671875,27685.1328125,27690.271484375,2360541
2026-05-01 18:52:00+00:00,27678.546875,27683.623046875,27676.21875,27683.623046875,751654
2026-05-01 18:53:00+00:00,27688.3359375,27690.029296875,27677.935546875,27677.935546875,2202586
2026-05-01 18:54:00+00:00,27688.408203125,27688.408203125,27685.3515625,27688.359375,782306
2026-05-01 18:55:00+00:00,27697.8359375,27697.8359375,27687.296875,27688.470703125,2570459
2026-05-01 18:56:00+00:00,27690.828125,27700.92578125,27690.68359375,27698.607421875,909740
2026-05-01 18:57:00+00:00,27687.013671875,27693.595703125,27687.013671875,27691.51171875,2115062
2026-05-01 18:58:00+00:00,27693.50390625,27694.326171875,27687.1640625,27687.1640625,844292
2026-05-01 18:59:00+00:00,27698.703125,27700.912109375,27692.033203125,27692.033203125,2894739
2026-05-01 19:00:00+00:00,27696.40234375,27700.197265625,27695.708984375,27696.609375,968523
2026-05-01 19:01:00+00:00,27708.251953125,27709.525390625,27700.4375,27700.4375,3008784
2026-05-01 19:02:00+00:00,27715.22265625,27716.26171875,27708.458984375,27709.154296875,827142
2026-05-01 19:03:00+00:00,27712.966796875,27718.0,27711.30859375,27714.2265625,2841922
2026-05-01 19:04:00+00:00,27713.7109375,27717.55078125,27711.62109375,27711.62109375,918803
2026-05-01 19:05:00+00:00,27716.865234375,27718.115234375,27714.216796875,27714.216796875,1537630
2026-05-01 19:06:00+00:00,27721.443359375,27721.443359375,27718.375,27718.462890625,1513428
2026-05-01 19:07:00+00:00,27719.7421875,27722.541015625,27719.09765625,27722.541015625,1892636
2026-05-01 19:08:00+00:00,27718.265625,27719.87890625,27716.087890625,27719.87890625,1598819
2026-05-01 19:09:00+00:00,27731.681640625,27731.767578125,27719.0546875,27719.0546875,1823912
2026-05-01 19:10:00+00:00,27728.41796875,27731.6796875,27726.205078125,27731.6796875,2006951
2026-05-01 19:11:00+00:00,27736.853515625,27738.2890625,27729.669921875,27729.669921875,1974239
2026-05-01 19:12:00+00:00,27735.166015625,27738.201171875,27733.81640625,27735.55859375,1827707
2026-05-01 19:13:00+00:00,27743.87109375,27745.927734375,27736.9609375,27736.9609375,1860176
2026-05-01 19:14:00+00:00,27744.916015625,27747.99609375,27743.431640625,27743.431640625,3154321
2026-05-01 19:15:00+00:00,27745.1484375,27747.5234375,27741.8984375,27745.4609375,1140970
2026-05-01 19:16:00+00:00,27740.955078125,27750.09765625,27738.537109375,27743.37109375,3023483
2026-05-01 19:17:00+00:00,27748.521484375,27748.521484375,27742.466796875,27743.046875,1031491
2026-05-01 19:18:00+00:00,27754.044921875,27754.044921875,27747.888671875,27748.328125,3277659
2026-05-01 19:19:00+00:00,27746.408203125,27753.68359375,27746.302734375,27753.68359375,1220843
2026-05-01 19:20:00+00:00,27743.703125,27747.271484375,27742.6796875,27747.271484375,3630639
2026-05-01 19:21:00+00:00,27746.982421875,27748.52734375,27744.966796875,27747.736328125,977434
2026-05-01 19:22:00+00:00,27741.9140625,27747.85546875,27741.9140625,27747.365234375,2116234
2026-05-01 19:23:00+00:00,27749.72265625,27752.267578125,27741.83984375,27741.83984375,1970441
2026-05-01 19:24:00+00:00,27753.349609375,27753.869140625,27749.841796875,27749.841796875,2078932
2026-05-01 19:25:00+00:00,27763.322265625,27763.322265625,27753.65234375,27753.65234375,1921791
2026-05-01 19:26:00+00:00,27769.251953125,27769.45703125,27761.64453125,27765.48828125,2299907
2026-05-01 19:27:00+00:00,27765.869140625,27769.556640625,27765.869140625,27769.556640625,1919284
2026-05-01 19:28:00+00:00,27773.576171875,27774.341796875,27764.537109375,27764.537109375,2080869
2026-05-01 19:29:00+00:00,27772.865234375,27774.86328125,27770.099609375,27772.580078125,2770262
2026-05-01 19:30:00+00:00,27765.720703125,27775.765625,27765.720703125,27772.990234375,3283660
2026-05-01 19:31:00+00:00,27751.681640625,27765.357421875,27751.681640625,27765.357421875,3382968
2026-05-01 19:32:00+00:00,27753.9296875,27753.9296875,27750.3125,27752.197265625,2624110
2026-05-01 19:33:00+00:00,27758.291015625,27759.693359375,27755.021484375,27755.021484375,2194224
2026-05-01 19:34:00+00:00,27761.58984375,27763.4296875,27758.408203125,27758.4453125,2211748
2026-05-01 19:35:00+00:00,27749.15625,27761.59375,27749.15625,27760.537109375,2365638
2026-05-01 19:36:00+00:00,27746.83203125,27752.330078125,27746.728515625,27749.318359375,2155274
2026-05-01 19:37:00+00:00,27746.5234375,27748.732421875,27743.05078125,27748.732421875,2907707
2026-05-01 19:38:00+00:00,27748.974609375,27750.921875,27748.201171875,27748.337890625,1052026
2026-05-01 19:39:00+00:00,27752.548828125,27756.4296875,27750.78515625,27750.78515625,3469403
2026-05-01 19:40:00+00:00,27756.365234375,27758.69921875,27753.125,27753.201171875,1340680
2026-05-01 19:41:00+00:00,27752.505859375,27757.2421875,27751.326171875,27757.2421875,3823680
2026-05-01 19:42:00+00:00,27742.755859375,27751.822265625,27742.755859375,27751.822265625,1050507
2026-05-01 19:43:00+00:00,27751.64453125,27752.4609375,27740.140625,27741.921875,3791073
2026-05-01 19:44:00+00:00,27749.529296875,27752.720703125,27747.615234375,27752.720703125,1480025
2026-05-01 19:45:00+00:00,27746.595703125,27751.966796875,27746.119140625,27749.00390625,4140049
2026-05-01 19:46:00+00:00,27740.298828125,27746.03515625,27740.126953125,27746.03515625,1562255
2026-05-01 19:47:00+00:00,27735.810546875,27741.078125,27734.271484375,27741.078125,4034481
2026-05-01 19:48:00+00:00,27739.587890625,27740.53125,27734.94921875,27734.94921875,1596388
2026-05-01 19:49:00+00:00,27743.865234375,27743.865234375,27738.37109375,27739.193359375,4078168
2026-05-01 19:50:00+00:00,27744.66015625,27756.095703125,27744.005859375,27753.123046875,2916879
2026-05-01 19:51:00+00:00,27731.916015625,27743.41015625,27731.36328125,27743.41015625,7646648
2026-05-01 19:52:00+00:00,27714.39453125,27732.896484375,27714.39453125,27730.49609375,2374787
2026-05-01 19:53:00+00:00,27729.90234375,27731.427734375,27714.91015625,27714.91015625,4906239
2026-05-01 19:54:00+00:00,27723.38671875,27734.322265625,27723.38671875,27728.591796875,5342301
2026-05-01 19:55:00+00:00,27707.453125,27716.591796875,27707.453125,27710.5703125,6591012
2026-05-01 19:56:00+00:00,27711.4609375,27718.1953125,27708.09375,27708.09375,6101857
2026-05-01 19:57:00+00:00,27714.615234375,27714.63671875,27711.470703125,27713.296875,6170404
2026-05-01 19:58:00+00:00,27707.68359375,27714.619140625,27705.6796875,27714.619140625,5851368
2026-05-01 19:59:00+00:00,27709.046875,27714.34765625,27706.068359375,27711.490234375,5798000
